--
-- PostgreSQL database dump
--

\restrict QUlfH3uUy2DSamzomNyuvYENwjbX8x4e4LinhI4OAn4900HAfy6bguWwocCwqnI

-- Dumped from database version 16.4
-- Dumped by pg_dump version 16.14

SET statement_timeout = 0;
SET lock_timeout = 0;
SET idle_in_transaction_session_timeout = 0;
SET client_encoding = 'UTF8';
SET standard_conforming_strings = on;
SELECT pg_catalog.set_config('search_path', '', false);
SET check_function_bodies = false;
SET xmloption = content;
SET client_min_messages = warning;
SET row_security = off;

SET default_tablespace = '';

SET default_table_access_method = heap;

--
-- Name: auditlog_logentry; Type: TABLE; Schema: public; Owner: -
--

CREATE TABLE public.auditlog_logentry (
    id integer NOT NULL,
    object_pk character varying(255) NOT NULL,
    object_id bigint,
    object_repr text NOT NULL,
    action smallint NOT NULL,
    changes jsonb,
    "timestamp" timestamp with time zone NOT NULL,
    actor_id bigint,
    content_type_id integer NOT NULL,
    remote_addr inet,
    additional_data jsonb,
    serialized_data jsonb,
    cid character varying(255),
    changes_text text NOT NULL,
    remote_port integer,
    actor_email character varying(254),
    CONSTRAINT auditlog_logentry_action_check CHECK ((action >= 0)),
    CONSTRAINT auditlog_logentry_remote_port_check CHECK ((remote_port >= 0))
);


--
-- Name: auditlog_logentry_id_seq; Type: SEQUENCE; Schema: public; Owner: -
--

ALTER TABLE public.auditlog_logentry ALTER COLUMN id ADD GENERATED BY DEFAULT AS IDENTITY (
    SEQUENCE NAME public.auditlog_logentry_id_seq
    START WITH 1
    INCREMENT BY 1
    NO MINVALUE
    NO MAXVALUE
    CACHE 1
);


--
-- Name: auth_group; Type: TABLE; Schema: public; Owner: -
--

CREATE TABLE public.auth_group (
    id integer NOT NULL,
    name character varying(150) NOT NULL
);


--
-- Name: auth_group_id_seq; Type: SEQUENCE; Schema: public; Owner: -
--

ALTER TABLE public.auth_group ALTER COLUMN id ADD GENERATED BY DEFAULT AS IDENTITY (
    SEQUENCE NAME public.auth_group_id_seq
    START WITH 1
    INCREMENT BY 1
    NO MINVALUE
    NO MAXVALUE
    CACHE 1
);


--
-- Name: auth_group_permissions; Type: TABLE; Schema: public; Owner: -
--

CREATE TABLE public.auth_group_permissions (
    id bigint NOT NULL,
    group_id integer NOT NULL,
    permission_id integer NOT NULL
);


--
-- Name: auth_group_permissions_id_seq; Type: SEQUENCE; Schema: public; Owner: -
--

ALTER TABLE public.auth_group_permissions ALTER COLUMN id ADD GENERATED BY DEFAULT AS IDENTITY (
    SEQUENCE NAME public.auth_group_permissions_id_seq
    START WITH 1
    INCREMENT BY 1
    NO MINVALUE
    NO MAXVALUE
    CACHE 1
);


--
-- Name: auth_permission; Type: TABLE; Schema: public; Owner: -
--

CREATE TABLE public.auth_permission (
    id integer NOT NULL,
    name character varying(255) NOT NULL,
    content_type_id integer NOT NULL,
    codename character varying(100) NOT NULL
);


--
-- Name: auth_permission_id_seq; Type: SEQUENCE; Schema: public; Owner: -
--

ALTER TABLE public.auth_permission ALTER COLUMN id ADD GENERATED BY DEFAULT AS IDENTITY (
    SEQUENCE NAME public.auth_permission_id_seq
    START WITH 1
    INCREMENT BY 1
    NO MINVALUE
    NO MAXVALUE
    CACHE 1
);


--
-- Name: django_admin_log; Type: TABLE; Schema: public; Owner: -
--

CREATE TABLE public.django_admin_log (
    id integer NOT NULL,
    action_time timestamp with time zone NOT NULL,
    object_id text,
    object_repr character varying(200) NOT NULL,
    action_flag smallint NOT NULL,
    change_message text NOT NULL,
    content_type_id integer,
    user_id bigint NOT NULL,
    CONSTRAINT django_admin_log_action_flag_check CHECK ((action_flag >= 0))
);


--
-- Name: django_admin_log_id_seq; Type: SEQUENCE; Schema: public; Owner: -
--

ALTER TABLE public.django_admin_log ALTER COLUMN id ADD GENERATED BY DEFAULT AS IDENTITY (
    SEQUENCE NAME public.django_admin_log_id_seq
    START WITH 1
    INCREMENT BY 1
    NO MINVALUE
    NO MAXVALUE
    CACHE 1
);


--
-- Name: django_content_type; Type: TABLE; Schema: public; Owner: -
--

CREATE TABLE public.django_content_type (
    id integer NOT NULL,
    app_label character varying(100) NOT NULL,
    model character varying(100) NOT NULL
);


--
-- Name: django_content_type_id_seq; Type: SEQUENCE; Schema: public; Owner: -
--

ALTER TABLE public.django_content_type ALTER COLUMN id ADD GENERATED BY DEFAULT AS IDENTITY (
    SEQUENCE NAME public.django_content_type_id_seq
    START WITH 1
    INCREMENT BY 1
    NO MINVALUE
    NO MAXVALUE
    CACHE 1
);


--
-- Name: django_migrations; Type: TABLE; Schema: public; Owner: -
--

CREATE TABLE public.django_migrations (
    id bigint NOT NULL,
    app character varying(255) NOT NULL,
    name character varying(255) NOT NULL,
    applied timestamp with time zone NOT NULL
);


--
-- Name: django_migrations_id_seq; Type: SEQUENCE; Schema: public; Owner: -
--

ALTER TABLE public.django_migrations ALTER COLUMN id ADD GENERATED BY DEFAULT AS IDENTITY (
    SEQUENCE NAME public.django_migrations_id_seq
    START WITH 1
    INCREMENT BY 1
    NO MINVALUE
    NO MAXVALUE
    CACHE 1
);


--
-- Name: django_session; Type: TABLE; Schema: public; Owner: -
--

CREATE TABLE public.django_session (
    session_key character varying(40) NOT NULL,
    session_data text NOT NULL,
    expire_date timestamp with time zone NOT NULL
);


--
-- Name: flows_agentconfig; Type: TABLE; Schema: public; Owner: -
--

CREATE TABLE public.flows_agentconfig (
    id bigint NOT NULL,
    name character varying(50) NOT NULL,
    display_name character varying(255) NOT NULL,
    system_prompt text NOT NULL,
    tools jsonb NOT NULL,
    is_editable boolean NOT NULL,
    created_at timestamp with time zone NOT NULL,
    updated_at timestamp with time zone NOT NULL,
    organization_id bigint
);


--
-- Name: flows_agentconfig_id_seq; Type: SEQUENCE; Schema: public; Owner: -
--

ALTER TABLE public.flows_agentconfig ALTER COLUMN id ADD GENERATED BY DEFAULT AS IDENTITY (
    SEQUENCE NAME public.flows_agentconfig_id_seq
    START WITH 1
    INCREMENT BY 1
    NO MINVALUE
    NO MAXVALUE
    CACHE 1
);


--
-- Name: flows_agentconfig_playbooks; Type: TABLE; Schema: public; Owner: -
--

CREATE TABLE public.flows_agentconfig_playbooks (
    id bigint NOT NULL,
    agentconfig_id bigint NOT NULL,
    playbook_id bigint NOT NULL
);


--
-- Name: flows_agentconfig_playbooks_id_seq; Type: SEQUENCE; Schema: public; Owner: -
--

ALTER TABLE public.flows_agentconfig_playbooks ALTER COLUMN id ADD GENERATED BY DEFAULT AS IDENTITY (
    SEQUENCE NAME public.flows_agentconfig_playbooks_id_seq
    START WITH 1
    INCREMENT BY 1
    NO MINVALUE
    NO MAXVALUE
    CACHE 1
);


--
-- Name: flows_aiflowmode; Type: TABLE; Schema: public; Owner: -
--

CREATE TABLE public.flows_aiflowmode (
    id bigint NOT NULL,
    mode character varying(20) NOT NULL,
    updated_at timestamp with time zone NOT NULL,
    organization_id bigint
);


--
-- Name: flows_aiflowmode_id_seq; Type: SEQUENCE; Schema: public; Owner: -
--

ALTER TABLE public.flows_aiflowmode ALTER COLUMN id ADD GENERATED BY DEFAULT AS IDENTITY (
    SEQUENCE NAME public.flows_aiflowmode_id_seq
    START WITH 1
    INCREMENT BY 1
    NO MINVALUE
    NO MAXVALUE
    CACHE 1
);


--
-- Name: flows_aimodelconfig; Type: TABLE; Schema: public; Owner: -
--

CREATE TABLE public.flows_aimodelconfig (
    id bigint NOT NULL,
    temperature double precision NOT NULL,
    max_tokens integer NOT NULL,
    updated_at timestamp with time zone NOT NULL,
    organization_id bigint
);


--
-- Name: flows_aimodelconfig_id_seq; Type: SEQUENCE; Schema: public; Owner: -
--

ALTER TABLE public.flows_aimodelconfig ALTER COLUMN id ADD GENERATED BY DEFAULT AS IDENTITY (
    SEQUENCE NAME public.flows_aimodelconfig_id_seq
    START WITH 1
    INCREMENT BY 1
    NO MINVALUE
    NO MAXVALUE
    CACHE 1
);


--
-- Name: flows_aitool; Type: TABLE; Schema: public; Owner: -
--

CREATE TABLE public.flows_aitool (
    id bigint NOT NULL,
    name character varying(100) NOT NULL,
    display_name character varying(255) NOT NULL,
    description text NOT NULL,
    is_enabled boolean NOT NULL,
    created_at timestamp with time zone NOT NULL,
    updated_at timestamp with time zone NOT NULL,
    organization_id bigint
);


--
-- Name: flows_aitool_id_seq; Type: SEQUENCE; Schema: public; Owner: -
--

ALTER TABLE public.flows_aitool ALTER COLUMN id ADD GENERATED BY DEFAULT AS IDENTITY (
    SEQUENCE NAME public.flows_aitool_id_seq
    START WITH 1
    INCREMENT BY 1
    NO MINVALUE
    NO MAXVALUE
    CACHE 1
);


--
-- Name: flows_conversationflow; Type: TABLE; Schema: public; Owner: -
--

CREATE TABLE public.flows_conversationflow (
    id bigint NOT NULL,
    name character varying(255) NOT NULL,
    description text NOT NULL,
    is_active boolean NOT NULL,
    created_at timestamp with time zone NOT NULL,
    updated_at timestamp with time zone NOT NULL,
    global_prompt text NOT NULL,
    organization_id bigint
);


--
-- Name: flows_conversationflow_id_seq; Type: SEQUENCE; Schema: public; Owner: -
--

ALTER TABLE public.flows_conversationflow ALTER COLUMN id ADD GENERATED BY DEFAULT AS IDENTITY (
    SEQUENCE NAME public.flows_conversationflow_id_seq
    START WITH 1
    INCREMENT BY 1
    NO MINVALUE
    NO MAXVALUE
    CACHE 1
);


--
-- Name: flows_flowcard; Type: TABLE; Schema: public; Owner: -
--

CREATE TABLE public.flows_flowcard (
    id bigint NOT NULL,
    card_type character varying(20) NOT NULL,
    title character varying(255) NOT NULL,
    message_template text NOT NULL,
    position_x double precision NOT NULL,
    position_y double precision NOT NULL,
    created_at timestamp with time zone NOT NULL,
    flow_id bigint NOT NULL
);


--
-- Name: flows_flowcard_id_seq; Type: SEQUENCE; Schema: public; Owner: -
--

ALTER TABLE public.flows_flowcard ALTER COLUMN id ADD GENERATED BY DEFAULT AS IDENTITY (
    SEQUENCE NAME public.flows_flowcard_id_seq
    START WITH 1
    INCREMENT BY 1
    NO MINVALUE
    NO MAXVALUE
    CACHE 1
);


--
-- Name: flows_flowcard_playbooks; Type: TABLE; Schema: public; Owner: -
--

CREATE TABLE public.flows_flowcard_playbooks (
    id bigint NOT NULL,
    flowcard_id bigint NOT NULL,
    playbook_id bigint NOT NULL
);


--
-- Name: flows_flowcard_playbooks_id_seq; Type: SEQUENCE; Schema: public; Owner: -
--

ALTER TABLE public.flows_flowcard_playbooks ALTER COLUMN id ADD GENERATED BY DEFAULT AS IDENTITY (
    SEQUENCE NAME public.flows_flowcard_playbooks_id_seq
    START WITH 1
    INCREMENT BY 1
    NO MINVALUE
    NO MAXVALUE
    CACHE 1
);


--
-- Name: flows_flowconnection; Type: TABLE; Schema: public; Owner: -
--

CREATE TABLE public.flows_flowconnection (
    id bigint NOT NULL,
    condition_label character varying(255) NOT NULL,
    condition_keywords text NOT NULL,
    created_at timestamp with time zone NOT NULL,
    flow_id bigint NOT NULL,
    source_card_id bigint NOT NULL,
    target_card_id bigint NOT NULL
);


--
-- Name: flows_flowconnection_id_seq; Type: SEQUENCE; Schema: public; Owner: -
--

ALTER TABLE public.flows_flowconnection ALTER COLUMN id ADD GENERATED BY DEFAULT AS IDENTITY (
    SEQUENCE NAME public.flows_flowconnection_id_seq
    START WITH 1
    INCREMENT BY 1
    NO MINVALUE
    NO MAXVALUE
    CACHE 1
);


--
-- Name: flows_leadflowstate; Type: TABLE; Schema: public; Owner: -
--

CREATE TABLE public.flows_leadflowstate (
    id bigint NOT NULL,
    is_complete boolean NOT NULL,
    is_escalated boolean NOT NULL,
    collected_data jsonb NOT NULL,
    started_at timestamp with time zone NOT NULL,
    updated_at timestamp with time zone NOT NULL,
    current_card_id bigint,
    flow_id bigint,
    lead_id bigint NOT NULL
);


--
-- Name: flows_leadflowstate_id_seq; Type: SEQUENCE; Schema: public; Owner: -
--

ALTER TABLE public.flows_leadflowstate ALTER COLUMN id ADD GENERATED BY DEFAULT AS IDENTITY (
    SEQUENCE NAME public.flows_leadflowstate_id_seq
    START WITH 1
    INCREMENT BY 1
    NO MINVALUE
    NO MAXVALUE
    CACHE 1
);


--
-- Name: flows_managertransferconfig; Type: TABLE; Schema: public; Owner: -
--

CREATE TABLE public.flows_managertransferconfig (
    id bigint NOT NULL,
    channel character varying(20) NOT NULL,
    recipient_id character varying(255) NOT NULL,
    manager_name character varying(255) NOT NULL,
    updated_at timestamp with time zone NOT NULL,
    notification_template text NOT NULL,
    organization_id bigint
);


--
-- Name: flows_managertransferconfig_id_seq; Type: SEQUENCE; Schema: public; Owner: -
--

ALTER TABLE public.flows_managertransferconfig ALTER COLUMN id ADD GENERATED BY DEFAULT AS IDENTITY (
    SEQUENCE NAME public.flows_managertransferconfig_id_seq
    START WITH 1
    INCREMENT BY 1
    NO MINVALUE
    NO MAXVALUE
    CACHE 1
);


--
-- Name: hotel_info_handovercontact; Type: TABLE; Schema: public; Owner: -
--

CREATE TABLE public.hotel_info_handovercontact (
    id bigint NOT NULL,
    name character varying(255) NOT NULL,
    phone character varying(50) NOT NULL,
    escalate_when character varying(500) NOT NULL,
    "order" integer NOT NULL,
    organization_id bigint,
    CONSTRAINT hotel_info_handovercontact_order_check CHECK (("order" >= 0))
);


--
-- Name: hotel_info_handovercontact_id_seq; Type: SEQUENCE; Schema: public; Owner: -
--

ALTER TABLE public.hotel_info_handovercontact ALTER COLUMN id ADD GENERATED BY DEFAULT AS IDENTITY (
    SEQUENCE NAME public.hotel_info_handovercontact_id_seq
    START WITH 1
    INCREMENT BY 1
    NO MINVALUE
    NO MAXVALUE
    CACHE 1
);


--
-- Name: hotel_info_hotelfaq; Type: TABLE; Schema: public; Owner: -
--

CREATE TABLE public.hotel_info_hotelfaq (
    id bigint NOT NULL,
    question text NOT NULL,
    answer text NOT NULL,
    "order" integer NOT NULL,
    organization_id bigint,
    CONSTRAINT hotel_info_hotelfaq_order_check CHECK (("order" >= 0))
);


--
-- Name: hotel_info_hotelfaq_id_seq; Type: SEQUENCE; Schema: public; Owner: -
--

ALTER TABLE public.hotel_info_hotelfaq ALTER COLUMN id ADD GENERATED BY DEFAULT AS IDENTITY (
    SEQUENCE NAME public.hotel_info_hotelfaq_id_seq
    START WITH 1
    INCREMENT BY 1
    NO MINVALUE
    NO MAXVALUE
    CACHE 1
);


--
-- Name: hotel_info_hotelpolicy; Type: TABLE; Schema: public; Owner: -
--

CREATE TABLE public.hotel_info_hotelpolicy (
    id bigint NOT NULL,
    label character varying(100) NOT NULL,
    emoji character varying(10) NOT NULL,
    value character varying(255) NOT NULL,
    description text NOT NULL,
    "order" integer NOT NULL,
    organization_id bigint,
    CONSTRAINT hotel_info_hotelpolicy_order_check CHECK (("order" >= 0))
);


--
-- Name: hotel_info_hotelpolicy_id_seq; Type: SEQUENCE; Schema: public; Owner: -
--

ALTER TABLE public.hotel_info_hotelpolicy ALTER COLUMN id ADD GENERATED BY DEFAULT AS IDENTITY (
    SEQUENCE NAME public.hotel_info_hotelpolicy_id_seq
    START WITH 1
    INCREMENT BY 1
    NO MINVALUE
    NO MAXVALUE
    CACHE 1
);


--
-- Name: hotel_info_hotelprofile; Type: TABLE; Schema: public; Owner: -
--

CREATE TABLE public.hotel_info_hotelprofile (
    id bigint NOT NULL,
    hotel_name character varying(255) NOT NULL,
    website character varying(500) NOT NULL,
    description text NOT NULL,
    address character varying(500) NOT NULL,
    directions text NOT NULL,
    updated_at timestamp with time zone NOT NULL,
    organization_id bigint
);


--
-- Name: hotel_info_hotelprofile_id_seq; Type: SEQUENCE; Schema: public; Owner: -
--

ALTER TABLE public.hotel_info_hotelprofile ALTER COLUMN id ADD GENERATED BY DEFAULT AS IDENTITY (
    SEQUENCE NAME public.hotel_info_hotelprofile_id_seq
    START WITH 1
    INCREMENT BY 1
    NO MINVALUE
    NO MAXVALUE
    CACHE 1
);


--
-- Name: hotel_info_hotelprofilelink; Type: TABLE; Schema: public; Owner: -
--

CREATE TABLE public.hotel_info_hotelprofilelink (
    id bigint NOT NULL,
    label character varying(100) NOT NULL,
    url character varying(500) NOT NULL,
    "order" integer NOT NULL,
    profile_id bigint NOT NULL,
    CONSTRAINT hotel_info_hotelprofilelink_order_check CHECK (("order" >= 0))
);


--
-- Name: hotel_info_hotelprofilelink_id_seq; Type: SEQUENCE; Schema: public; Owner: -
--

ALTER TABLE public.hotel_info_hotelprofilelink ALTER COLUMN id ADD GENERATED BY DEFAULT AS IDENTITY (
    SEQUENCE NAME public.hotel_info_hotelprofilelink_id_seq
    START WITH 1
    INCREMENT BY 1
    NO MINVALUE
    NO MAXVALUE
    CACHE 1
);


--
-- Name: hotel_info_playbook; Type: TABLE; Schema: public; Owner: -
--

CREATE TABLE public.hotel_info_playbook (
    id bigint NOT NULL,
    name character varying(100) NOT NULL,
    trigger_description text NOT NULL,
    instructions text NOT NULL,
    content text NOT NULL,
    is_active boolean NOT NULL,
    "order" integer NOT NULL,
    created_at timestamp with time zone NOT NULL,
    updated_at timestamp with time zone NOT NULL,
    organization_id bigint,
    expires_at timestamp with time zone,
    CONSTRAINT hotel_info_playbook_order_check CHECK (("order" >= 0))
);


--
-- Name: hotel_info_playbook_id_seq; Type: SEQUENCE; Schema: public; Owner: -
--

ALTER TABLE public.hotel_info_playbook ALTER COLUMN id ADD GENERATED BY DEFAULT AS IDENTITY (
    SEQUENCE NAME public.hotel_info_playbook_id_seq
    START WITH 1
    INCREMENT BY 1
    NO MINVALUE
    NO MAXVALUE
    CACHE 1
);


--
-- Name: hotel_info_roomcombinationnote; Type: TABLE; Schema: public; Owner: -
--

CREATE TABLE public.hotel_info_roomcombinationnote (
    id bigint NOT NULL,
    guest_count integer NOT NULL,
    combination_index integer NOT NULL,
    note text NOT NULL,
    updated_at timestamp with time zone NOT NULL,
    combination_type character varying(20),
    is_custom boolean NOT NULL,
    rooms jsonb,
    is_hidden boolean NOT NULL
);


--
-- Name: hotel_info_roomcombinationnote_id_seq; Type: SEQUENCE; Schema: public; Owner: -
--

ALTER TABLE public.hotel_info_roomcombinationnote ALTER COLUMN id ADD GENERATED BY DEFAULT AS IDENTITY (
    SEQUENCE NAME public.hotel_info_roomcombinationnote_id_seq
    START WITH 1
    INCREMENT BY 1
    NO MINVALUE
    NO MAXVALUE
    CACHE 1
);


--
-- Name: hotel_info_roompricing; Type: TABLE; Schema: public; Owner: -
--

CREATE TABLE public.hotel_info_roompricing (
    id bigint NOT NULL,
    kategoria_nomera character varying(100) NOT NULL,
    kolichestvo_chelovek integer NOT NULL,
    deystvitelno_s date,
    deystvitelno_do date,
    dni_nedeli jsonb NOT NULL,
    standartny_tarif numeric(10,0),
    s_zavtrakom numeric(10,0),
    polupansion numeric(10,0),
    polny_pansion numeric(10,0),
    created_at timestamp with time zone NOT NULL,
    updated_at timestamp with time zone NOT NULL,
    guest_type character varying(10) NOT NULL,
    organization_id bigint
);


--
-- Name: hotel_info_roompricing_id_seq; Type: SEQUENCE; Schema: public; Owner: -
--

ALTER TABLE public.hotel_info_roompricing ALTER COLUMN id ADD GENERATED BY DEFAULT AS IDENTITY (
    SEQUENCE NAME public.hotel_info_roompricing_id_seq
    START WITH 1
    INCREMENT BY 1
    NO MINVALUE
    NO MAXVALUE
    CACHE 1
);


--
-- Name: hotel_media_hotelmediaitem; Type: TABLE; Schema: public; Owner: -
--

CREATE TABLE public.hotel_media_hotelmediaitem (
    id bigint NOT NULL,
    title character varying(255) NOT NULL,
    description text NOT NULL,
    tags jsonb NOT NULL,
    category character varying(50) NOT NULL,
    media_type character varying(20) NOT NULL,
    file character varying(100),
    video_url character varying(200) NOT NULL,
    ai_send_count integer NOT NULL,
    is_active boolean NOT NULL,
    created_at timestamp with time zone NOT NULL,
    updated_at timestamp with time zone NOT NULL,
    room_category character varying(50),
    organization_id bigint,
    CONSTRAINT hotel_media_hotelmediaitem_ai_send_count_check CHECK ((ai_send_count >= 0))
);


--
-- Name: hotel_media_hotelmediaitem_id_seq; Type: SEQUENCE; Schema: public; Owner: -
--

ALTER TABLE public.hotel_media_hotelmediaitem ALTER COLUMN id ADD GENERATED BY DEFAULT AS IDENTITY (
    SEQUENCE NAME public.hotel_media_hotelmediaitem_id_seq
    START WITH 1
    INCREMENT BY 1
    NO MINVALUE
    NO MAXVALUE
    CACHE 1
);


--
-- Name: hotel_media_hotelmediaphoto; Type: TABLE; Schema: public; Owner: -
--

CREATE TABLE public.hotel_media_hotelmediaphoto (
    id bigint NOT NULL,
    file character varying(100) NOT NULL,
    "order" integer NOT NULL,
    created_at timestamp with time zone NOT NULL,
    item_id bigint NOT NULL,
    CONSTRAINT hotel_media_hotelmediaphoto_order_check CHECK (("order" >= 0))
);


--
-- Name: hotel_media_hotelmediaphoto_id_seq; Type: SEQUENCE; Schema: public; Owner: -
--

ALTER TABLE public.hotel_media_hotelmediaphoto ALTER COLUMN id ADD GENERATED BY DEFAULT AS IDENTITY (
    SEQUENCE NAME public.hotel_media_hotelmediaphoto_id_seq
    START WITH 1
    INCREMENT BY 1
    NO MINVALUE
    NO MAXVALUE
    CACHE 1
);


--
-- Name: leads_aiconfig; Type: TABLE; Schema: public; Owner: -
--

CREATE TABLE public.leads_aiconfig (
    id bigint NOT NULL,
    ai_auto_response boolean NOT NULL,
    auto_extract_data boolean NOT NULL,
    response_delay integer NOT NULL,
    system_prompt text NOT NULL,
    created_at timestamp with time zone NOT NULL,
    updated_at timestamp with time zone NOT NULL,
    company_profile text NOT NULL,
    check_frequency_hours integer NOT NULL,
    inactivity_threshold_days integer NOT NULL,
    max_followup_attempts integer NOT NULL,
    proactive_outreach_enabled boolean NOT NULL,
    auto_execute_tasks boolean NOT NULL,
    auto_status_progression boolean NOT NULL,
    conversation_goals_enabled boolean NOT NULL,
    smart_objection_handling boolean NOT NULL,
    organization_id bigint
);


--
-- Name: leads_aiconfig_id_seq; Type: SEQUENCE; Schema: public; Owner: -
--

ALTER TABLE public.leads_aiconfig ALTER COLUMN id ADD GENERATED BY DEFAULT AS IDENTITY (
    SEQUENCE NAME public.leads_aiconfig_id_seq
    START WITH 1
    INCREMENT BY 1
    NO MINVALUE
    NO MAXVALUE
    CACHE 1
);


--
-- Name: leads_customer; Type: TABLE; Schema: public; Owner: -
--

CREATE TABLE public.leads_customer (
    id bigint NOT NULL,
    contact_person character varying(255) NOT NULL,
    email character varying(254) NOT NULL,
    phone character varying(50) NOT NULL,
    notes text NOT NULL,
    created_at timestamp with time zone NOT NULL,
    updated_at timestamp with time zone NOT NULL,
    lead_id bigint,
    customer_status character varying(20) NOT NULL,
    instagram_user_id character varying(100) NOT NULL,
    instagram_username character varying(100) NOT NULL,
    segment character varying(50) NOT NULL,
    source character varying(100) NOT NULL,
    telegram_chat_id character varying(100) NOT NULL,
    telegram_username character varying(100) NOT NULL,
    whatsapp_phone character varying(50) NOT NULL,
    organization_id bigint
);


--
-- Name: leads_customer_id_seq; Type: SEQUENCE; Schema: public; Owner: -
--

ALTER TABLE public.leads_customer ALTER COLUMN id ADD GENERATED BY DEFAULT AS IDENTITY (
    SEQUENCE NAME public.leads_customer_id_seq
    START WITH 1
    INCREMENT BY 1
    NO MINVALUE
    NO MAXVALUE
    CACHE 1
);


--
-- Name: leads_instagramappconfig; Type: TABLE; Schema: public; Owner: -
--

CREATE TABLE public.leads_instagramappconfig (
    id bigint NOT NULL,
    app_id character varying(100) NOT NULL,
    app_secret character varying(255) NOT NULL,
    webhook_verify_token character varying(255) NOT NULL,
    updated_at timestamp with time zone NOT NULL,
    organization_id bigint
);


--
-- Name: leads_instagramappconfig_id_seq; Type: SEQUENCE; Schema: public; Owner: -
--

ALTER TABLE public.leads_instagramappconfig ALTER COLUMN id ADD GENERATED BY DEFAULT AS IDENTITY (
    SEQUENCE NAME public.leads_instagramappconfig_id_seq
    START WITH 1
    INCREMENT BY 1
    NO MINVALUE
    NO MAXVALUE
    CACHE 1
);


--
-- Name: leads_instagramconnection; Type: TABLE; Schema: public; Owner: -
--

CREATE TABLE public.leads_instagramconnection (
    id bigint NOT NULL,
    access_token text NOT NULL,
    token_expiry timestamp with time zone,
    instagram_user_id character varying(100) NOT NULL,
    instagram_username character varying(255) NOT NULL,
    profile_picture_url text NOT NULL,
    connected_at timestamp with time zone,
    updated_at timestamp with time zone NOT NULL,
    webhook_subscribed boolean NOT NULL,
    instagram_business_account_id character varying(100) NOT NULL,
    organization_id bigint
);


--
-- Name: leads_instagramconnection_id_seq; Type: SEQUENCE; Schema: public; Owner: -
--

ALTER TABLE public.leads_instagramconnection ALTER COLUMN id ADD GENERATED BY DEFAULT AS IDENTITY (
    SEQUENCE NAME public.leads_instagramconnection_id_seq
    START WITH 1
    INCREMENT BY 1
    NO MINVALUE
    NO MAXVALUE
    CACHE 1
);


--
-- Name: leads_lead; Type: TABLE; Schema: public; Owner: -
--

CREATE TABLE public.leads_lead (
    id bigint NOT NULL,
    contact_person character varying(255) NOT NULL,
    email character varying(254) NOT NULL,
    phone character varying(50) NOT NULL,
    status character varying(20) NOT NULL,
    source character varying(100) NOT NULL,
    estimated_value numeric(12,2),
    notes text NOT NULL,
    last_contacted date,
    created_at timestamp with time zone NOT NULL,
    updated_at timestamp with time zone NOT NULL,
    telegram_chat_id character varying(100) NOT NULL,
    telegram_username character varying(100) NOT NULL,
    segment character varying(50) NOT NULL,
    instagram_user_id character varying(100) NOT NULL,
    instagram_username character varying(100) NOT NULL,
    telegram_user_id character varying(100) NOT NULL,
    whatsapp_phone character varying(50) NOT NULL,
    address character varying(500) NOT NULL,
    campaign_source character varying(200) NOT NULL,
    city character varying(100) NOT NULL,
    competitor character varying(200) NOT NULL,
    country character varying(100) NOT NULL,
    do_not_contact boolean NOT NULL,
    email_bounced boolean NOT NULL,
    expected_close_date date,
    job_title character varying(200) NOT NULL,
    language character varying(50) NOT NULL,
    linkedin_url character varying(200) NOT NULL,
    lost_reason character varying(200) NOT NULL,
    mobile_phone character varying(50) NOT NULL,
    next_follow_up_date date,
    office_phone character varying(50) NOT NULL,
    postal_code character varying(20) NOT NULL,
    preferred_contact_method character varying(50) NOT NULL,
    preferred_contact_time character varying(100) NOT NULL,
    referral_source character varying(200) NOT NULL,
    secondary_email character varying(254) NOT NULL,
    state_province character varying(100) NOT NULL,
    timezone character varying(50) NOT NULL,
    unsubscribed_at timestamp with time zone,
    website character varying(200) NOT NULL,
    ai_followup_count integer NOT NULL,
    last_ai_followup_at timestamp with time zone,
    current_objection character varying(50) NOT NULL,
    last_objection_at timestamp with time zone,
    objection_count integer NOT NULL,
    assigned_to_id bigint,
    complexity_score integer,
    problem_description text NOT NULL,
    tax_years character varying(100) NOT NULL,
    check_in_date date,
    check_out_date date,
    guest_count smallint,
    meal_plan character varying(20) NOT NULL,
    room_type_preference character varying(200) NOT NULL,
    next_steps text NOT NULL,
    instagram_intent_tier character varying(20),
    ai_paused boolean NOT NULL,
    agent_context jsonb NOT NULL,
    ai_paused_at timestamp with time zone,
    ai_paused_by character varying(255) NOT NULL,
    organization_id bigint,
    CONSTRAINT leads_lead_guest_count_check CHECK ((guest_count >= 0))
);


--
-- Name: leads_lead_id_seq; Type: SEQUENCE; Schema: public; Owner: -
--

ALTER TABLE public.leads_lead ALTER COLUMN id ADD GENERATED BY DEFAULT AS IDENTITY (
    SEQUENCE NAME public.leads_lead_id_seq
    START WITH 1
    INCREMENT BY 1
    NO MINVALUE
    NO MAXVALUE
    CACHE 1
);


--
-- Name: leads_leadactivity; Type: TABLE; Schema: public; Owner: -
--

CREATE TABLE public.leads_leadactivity (
    id bigint NOT NULL,
    activity_type character varying(50) NOT NULL,
    description text NOT NULL,
    metadata jsonb,
    created_at timestamp with time zone NOT NULL,
    lead_id bigint NOT NULL,
    is_read boolean NOT NULL,
    echo_origin character varying(20),
    organization_id bigint
);


--
-- Name: leads_leadactivity_id_seq; Type: SEQUENCE; Schema: public; Owner: -
--

ALTER TABLE public.leads_leadactivity ALTER COLUMN id ADD GENERATED BY DEFAULT AS IDENTITY (
    SEQUENCE NAME public.leads_leadactivity_id_seq
    START WITH 1
    INCREMENT BY 1
    NO MINVALUE
    NO MAXVALUE
    CACHE 1
);


--
-- Name: leads_leadgoal; Type: TABLE; Schema: public; Owner: -
--

CREATE TABLE public.leads_leadgoal (
    id bigint NOT NULL,
    goal_type character varying(30) NOT NULL,
    status character varying(20) NOT NULL,
    priority integer NOT NULL,
    description text NOT NULL,
    target_value character varying(255) NOT NULL,
    achieved_value character varying(255) NOT NULL,
    attempts integer NOT NULL,
    created_at timestamp with time zone NOT NULL,
    completed_at timestamp with time zone,
    is_ai_generated boolean NOT NULL,
    lead_id bigint NOT NULL,
    organization_id bigint
);


--
-- Name: leads_leadgoal_id_seq; Type: SEQUENCE; Schema: public; Owner: -
--

ALTER TABLE public.leads_leadgoal ALTER COLUMN id ADD GENERATED BY DEFAULT AS IDENTITY (
    SEQUENCE NAME public.leads_leadgoal_id_seq
    START WITH 1
    INCREMENT BY 1
    NO MINVALUE
    NO MAXVALUE
    CACHE 1
);


--
-- Name: leads_leadnote; Type: TABLE; Schema: public; Owner: -
--

CREATE TABLE public.leads_leadnote (
    id bigint NOT NULL,
    content text NOT NULL,
    created_at timestamp with time zone NOT NULL,
    updated_at timestamp with time zone NOT NULL,
    lead_id bigint NOT NULL
);


--
-- Name: leads_leadnote_id_seq; Type: SEQUENCE; Schema: public; Owner: -
--

ALTER TABLE public.leads_leadnote ALTER COLUMN id ADD GENERATED BY DEFAULT AS IDENTITY (
    SEQUENCE NAME public.leads_leadnote_id_seq
    START WITH 1
    INCREMENT BY 1
    NO MINVALUE
    NO MAXVALUE
    CACHE 1
);


--
-- Name: leads_pipelinestage; Type: TABLE; Schema: public; Owner: -
--

CREATE TABLE public.leads_pipelinestage (
    id bigint NOT NULL,
    name character varying(100) NOT NULL,
    key character varying(50) NOT NULL,
    description text NOT NULL,
    "order" integer NOT NULL,
    created_at timestamp with time zone NOT NULL,
    updated_at timestamp with time zone NOT NULL,
    is_final boolean NOT NULL,
    organization_id bigint
);


--
-- Name: leads_pipelinestage_id_seq; Type: SEQUENCE; Schema: public; Owner: -
--

ALTER TABLE public.leads_pipelinestage ALTER COLUMN id ADD GENERATED BY DEFAULT AS IDENTITY (
    SEQUENCE NAME public.leads_pipelinestage_id_seq
    START WITH 1
    INCREMENT BY 1
    NO MINVALUE
    NO MAXVALUE
    CACHE 1
);


--
-- Name: leads_ringcentralconfig; Type: TABLE; Schema: public; Owner: -
--

CREATE TABLE public.leads_ringcentralconfig (
    id bigint NOT NULL,
    client_id character varying(255) NOT NULL,
    client_secret character varying(255) NOT NULL,
    jwt_token text NOT NULL,
    account_phone character varying(50) NOT NULL,
    extension_id character varying(50) NOT NULL,
    webhook_subscription_id character varying(255) NOT NULL,
    connected_at timestamp with time zone NOT NULL,
    updated_at timestamp with time zone NOT NULL,
    organization_id bigint
);


--
-- Name: leads_ringcentralconfig_id_seq; Type: SEQUENCE; Schema: public; Owner: -
--

ALTER TABLE public.leads_ringcentralconfig ALTER COLUMN id ADD GENERATED BY DEFAULT AS IDENTITY (
    SEQUENCE NAME public.leads_ringcentralconfig_id_seq
    START WITH 1
    INCREMENT BY 1
    NO MINVALUE
    NO MAXVALUE
    CACHE 1
);


--
-- Name: leads_segment; Type: TABLE; Schema: public; Owner: -
--

CREATE TABLE public.leads_segment (
    id bigint NOT NULL,
    name character varying(100) NOT NULL,
    key character varying(50) NOT NULL,
    "order" integer NOT NULL,
    is_active boolean NOT NULL,
    created_at timestamp with time zone NOT NULL,
    updated_at timestamp with time zone NOT NULL,
    organization_id bigint
);


--
-- Name: leads_segment_id_seq; Type: SEQUENCE; Schema: public; Owner: -
--

ALTER TABLE public.leads_segment ALTER COLUMN id ADD GENERATED BY DEFAULT AS IDENTITY (
    SEQUENCE NAME public.leads_segment_id_seq
    START WITH 1
    INCREMENT BY 1
    NO MINVALUE
    NO MAXVALUE
    CACHE 1
);


--
-- Name: leads_task; Type: TABLE; Schema: public; Owner: -
--

CREATE TABLE public.leads_task (
    id bigint NOT NULL,
    title character varying(255) NOT NULL,
    description text NOT NULL,
    task_type character varying(20) NOT NULL,
    status character varying(20) NOT NULL,
    due_date date NOT NULL,
    completed_at timestamp with time zone,
    created_at timestamp with time zone NOT NULL,
    updated_at timestamp with time zone NOT NULL,
    lead_id bigint NOT NULL,
    executed_at timestamp with time zone,
    execution_content text NOT NULL,
    execution_result text NOT NULL,
    execution_type character varying(30) NOT NULL,
    is_ai_generated boolean NOT NULL,
    is_auto_executable boolean NOT NULL,
    organization_id bigint
);


--
-- Name: leads_task_id_seq; Type: SEQUENCE; Schema: public; Owner: -
--

ALTER TABLE public.leads_task ALTER COLUMN id ADD GENERATED BY DEFAULT AS IDENTITY (
    SEQUENCE NAME public.leads_task_id_seq
    START WITH 1
    INCREMENT BY 1
    NO MINVALUE
    NO MAXVALUE
    CACHE 1
);


--
-- Name: leads_telegramconfig; Type: TABLE; Schema: public; Owner: -
--

CREATE TABLE public.leads_telegramconfig (
    id bigint NOT NULL,
    bot_token character varying(255) NOT NULL,
    bot_username character varying(255) NOT NULL,
    bot_first_name character varying(255) NOT NULL,
    connected_at timestamp with time zone NOT NULL,
    updated_at timestamp with time zone NOT NULL,
    organization_id bigint
);


--
-- Name: leads_telegramconfig_id_seq; Type: SEQUENCE; Schema: public; Owner: -
--

ALTER TABLE public.leads_telegramconfig ALTER COLUMN id ADD GENERATED BY DEFAULT AS IDENTITY (
    SEQUENCE NAME public.leads_telegramconfig_id_seq
    START WITH 1
    INCREMENT BY 1
    NO MINVALUE
    NO MAXVALUE
    CACHE 1
);


--
-- Name: leads_whatsappappconfig; Type: TABLE; Schema: public; Owner: -
--

CREATE TABLE public.leads_whatsappappconfig (
    id bigint NOT NULL,
    app_id character varying(100) NOT NULL,
    app_secret character varying(255) NOT NULL,
    updated_at timestamp with time zone NOT NULL,
    organization_id bigint
);


--
-- Name: leads_whatsappappconfig_id_seq; Type: SEQUENCE; Schema: public; Owner: -
--

ALTER TABLE public.leads_whatsappappconfig ALTER COLUMN id ADD GENERATED BY DEFAULT AS IDENTITY (
    SEQUENCE NAME public.leads_whatsappappconfig_id_seq
    START WITH 1
    INCREMENT BY 1
    NO MINVALUE
    NO MAXVALUE
    CACHE 1
);


--
-- Name: leads_whatsappconfig; Type: TABLE; Schema: public; Owner: -
--

CREATE TABLE public.leads_whatsappconfig (
    id bigint NOT NULL,
    access_token text NOT NULL,
    phone_number_id character varying(100) NOT NULL,
    display_phone_number character varying(50) NOT NULL,
    verified_name character varying(255) NOT NULL,
    connected_at timestamp with time zone NOT NULL,
    updated_at timestamp with time zone NOT NULL,
    token_expires_at timestamp with time zone,
    waba_id character varying(100) NOT NULL,
    webhook_subscribed boolean NOT NULL,
    verify_token character varying(100) NOT NULL,
    organization_id bigint
);


--
-- Name: leads_whatsappconfig_id_seq; Type: SEQUENCE; Schema: public; Owner: -
--

ALTER TABLE public.leads_whatsappconfig ALTER COLUMN id ADD GENERATED BY DEFAULT AS IDENTITY (
    SEQUENCE NAME public.leads_whatsappconfig_id_seq
    START WITH 1
    INCREMENT BY 1
    NO MINVALUE
    NO MAXVALUE
    CACHE 1
);


--
-- Name: organization_members; Type: TABLE; Schema: public; Owner: -
--

CREATE TABLE public.organization_members (
    id bigint NOT NULL,
    role character varying(20) NOT NULL,
    joined_at timestamp with time zone NOT NULL,
    is_active boolean NOT NULL,
    organization_id bigint NOT NULL,
    user_id bigint NOT NULL
);


--
-- Name: organization_members_id_seq; Type: SEQUENCE; Schema: public; Owner: -
--

ALTER TABLE public.organization_members ALTER COLUMN id ADD GENERATED BY DEFAULT AS IDENTITY (
    SEQUENCE NAME public.organization_members_id_seq
    START WITH 1
    INCREMENT BY 1
    NO MINVALUE
    NO MAXVALUE
    CACHE 1
);


--
-- Name: organizations; Type: TABLE; Schema: public; Owner: -
--

CREATE TABLE public.organizations (
    id bigint NOT NULL,
    name character varying(255) NOT NULL,
    slug character varying(100) NOT NULL,
    logo character varying(100),
    plan character varying(20) NOT NULL,
    is_active boolean NOT NULL,
    trial_ends_at timestamp with time zone,
    org_settings jsonb NOT NULL,
    created_at timestamp with time zone NOT NULL,
    updated_at timestamp with time zone NOT NULL,
    owner_id bigint NOT NULL
);


--
-- Name: organizations_id_seq; Type: SEQUENCE; Schema: public; Owner: -
--

ALTER TABLE public.organizations ALTER COLUMN id ADD GENERATED BY DEFAULT AS IDENTITY (
    SEQUENCE NAME public.organizations_id_seq
    START WITH 1
    INCREMENT BY 1
    NO MINVALUE
    NO MAXVALUE
    CACHE 1
);


--
-- Name: token_blacklist_blacklistedtoken; Type: TABLE; Schema: public; Owner: -
--

CREATE TABLE public.token_blacklist_blacklistedtoken (
    id bigint NOT NULL,
    blacklisted_at timestamp with time zone NOT NULL,
    token_id bigint NOT NULL
);


--
-- Name: token_blacklist_blacklistedtoken_id_seq; Type: SEQUENCE; Schema: public; Owner: -
--

ALTER TABLE public.token_blacklist_blacklistedtoken ALTER COLUMN id ADD GENERATED BY DEFAULT AS IDENTITY (
    SEQUENCE NAME public.token_blacklist_blacklistedtoken_id_seq
    START WITH 1
    INCREMENT BY 1
    NO MINVALUE
    NO MAXVALUE
    CACHE 1
);


--
-- Name: token_blacklist_outstandingtoken; Type: TABLE; Schema: public; Owner: -
--

CREATE TABLE public.token_blacklist_outstandingtoken (
    id bigint NOT NULL,
    token text NOT NULL,
    created_at timestamp with time zone,
    expires_at timestamp with time zone NOT NULL,
    user_id bigint,
    jti character varying(255) NOT NULL
);


--
-- Name: token_blacklist_outstandingtoken_id_seq; Type: SEQUENCE; Schema: public; Owner: -
--

ALTER TABLE public.token_blacklist_outstandingtoken ALTER COLUMN id ADD GENERATED BY DEFAULT AS IDENTITY (
    SEQUENCE NAME public.token_blacklist_outstandingtoken_id_seq
    START WITH 1
    INCREMENT BY 1
    NO MINVALUE
    NO MAXVALUE
    CACHE 1
);


--
-- Name: users; Type: TABLE; Schema: public; Owner: -
--

CREATE TABLE public.users (
    id bigint NOT NULL,
    password character varying(128) NOT NULL,
    last_login timestamp with time zone,
    is_superuser boolean NOT NULL,
    email character varying(255) NOT NULL,
    name character varying(255) NOT NULL,
    is_active boolean NOT NULL,
    is_staff boolean NOT NULL,
    is_admin boolean NOT NULL,
    created_at timestamp with time zone NOT NULL,
    updated_at timestamp with time zone NOT NULL,
    role character varying(50) NOT NULL,
    language character varying(10) NOT NULL,
    current_organization_id bigint,
    is_superadmin boolean NOT NULL
);


--
-- Name: users_groups; Type: TABLE; Schema: public; Owner: -
--

CREATE TABLE public.users_groups (
    id bigint NOT NULL,
    user_id bigint NOT NULL,
    group_id integer NOT NULL
);


--
-- Name: users_groups_id_seq; Type: SEQUENCE; Schema: public; Owner: -
--

ALTER TABLE public.users_groups ALTER COLUMN id ADD GENERATED BY DEFAULT AS IDENTITY (
    SEQUENCE NAME public.users_groups_id_seq
    START WITH 1
    INCREMENT BY 1
    NO MINVALUE
    NO MAXVALUE
    CACHE 1
);


--
-- Name: users_id_seq; Type: SEQUENCE; Schema: public; Owner: -
--

ALTER TABLE public.users ALTER COLUMN id ADD GENERATED BY DEFAULT AS IDENTITY (
    SEQUENCE NAME public.users_id_seq
    START WITH 1
    INCREMENT BY 1
    NO MINVALUE
    NO MAXVALUE
    CACHE 1
);


--
-- Name: users_user_permissions; Type: TABLE; Schema: public; Owner: -
--

CREATE TABLE public.users_user_permissions (
    id bigint NOT NULL,
    user_id bigint NOT NULL,
    permission_id integer NOT NULL
);


--
-- Name: users_user_permissions_id_seq; Type: SEQUENCE; Schema: public; Owner: -
--

ALTER TABLE public.users_user_permissions ALTER COLUMN id ADD GENERATED BY DEFAULT AS IDENTITY (
    SEQUENCE NAME public.users_user_permissions_id_seq
    START WITH 1
    INCREMENT BY 1
    NO MINVALUE
    NO MAXVALUE
    CACHE 1
);


--
-- Data for Name: auditlog_logentry; Type: TABLE DATA; Schema: public; Owner: -
--

COPY public.auditlog_logentry (id, object_pk, object_id, object_repr, action, changes, "timestamp", actor_id, content_type_id, remote_addr, additional_data, serialized_data, cid, changes_text, remote_port, actor_email) FROM stdin;
1	1	1	AI Config (Auto-response: Disabled)	0	{"id": ["None", "1"], "created_at": ["None", "2026-03-16 19:48:31.173200"], "updated_at": ["None", "2026-03-16 19:48:31.173247"], "system_prompt": ["None", "You are Aida, a warm and professional guest relations assistant for Nomad Camp — a boutique hotel on the scenic south shore of Lake Issyk-Kul, Kyrgyzstan.\\n\\nYour primary goals:\\n1. **Convert inquiries into bookings** — Guide every conversation toward a confirmed reservation.\\n2. **Be warm and hospitable** — Reflect the spirit of Kyrgyz hospitality. Be friendly, personal, and attentive.\\n3. **Respond in the guest's language** — Detect the language the guest is writing in and reply in the SAME language. Supported languages: Russian (primary), Kyrgyz, and English. If the message mixes languages, follow the dominant language. Default to Russian if unclear.\\n4. **Review conversation history** — ALWAYS check what has already been discussed. Never ask for information the guest already provided. Build on previous responses.\\n5. **Answer questions confidently** — Use the knowledge base and company profile to answer questions about pricing, availability, services, policies, and the property. If you don't know a specific detail, offer to connect them with staff.\\n6. **Handle objections gracefully** — Address concerns about price, timing, or availability with genuine solutions and helpful alternatives.\\n7. **Create natural urgency** — Mention seasonal demand, peak periods (summer at Issyk-Kul), or limited availability when appropriate — but never in a pushy way.\\n8. **Collect key booking information** — Work toward gathering: number of guests, check-in/check-out dates, meal plan preference, and contact details.\\n9. **Always end with a next step** — Every message should include a soft call-to-action: confirming a booking, sharing dates, or asking a clarifying question.\\n\\nTone: Warm, welcoming, knowledgeable. Like a trusted local friend who knows the property well.\\nKeep messages concise — guests on WhatsApp/Telegram don't want walls of text. Use short paragraphs and occasional bullet points for clarity.\\n\\nCRITICAL: Pay attention to what the guest has already told you. Acknowledge their previous messages and move the conversation forward — don't repeat questions."], "response_delay": ["None", "5"], "company_profile": ["None", "**Nomad Camp** — A Boutique Hotel on Lake Issyk-Kul\\n\\nNomad Camp is a picturesque retreat nestled on the south shore of Lake Issyk-Kul in the Issyk-Kul region of the Kyrgyz Republic. Our hotel offers cozy rooms with private balconies overlooking the azure waters of the lake and the majestic surrounding mountains — a perfect escape from city life.\\n\\n**Contact & Location**\\n- Address: Kerimkul Ata Street, 347, Issyk-Kul region, Kyrgyz Republic\\n- Email: info@nomadcamp.kg\\n- Legal entity: OsOO \\"Zhartash\\" (Nomad Camp)\\n\\n**Check-In & Check-Out**\\n- Check-in: 14:00\\n- Check-out: 12:00\\n\\n**Cancellation Policy**\\n- Free cancellation 2 or more days before arrival\\n- 50% of prepayment retained for cancellations made within 24 hours of arrival\\n- No refund for cancellations less than 24 hours before arrival\\n- Changes to dates or group size are free if made 2+ days before arrival (price may change based on new dates)\\n\\n**Meal Plans Available**\\n- Breakfast only\\n- Lunch only\\n- Dinner only\\n- Half-board: Breakfast + Lunch\\n- Half-board: Breakfast + Dinner\\n- Full board: Breakfast + Lunch + Dinner\\n\\n**On-Site Facilities & Services**\\n- Nomad Cafe — a cozy in-hotel café with an open kitchen; perfect for morning coffee with lake views\\n- PlayStation rental (per hour)\\n- Computer gaming access\\n- Coffee break packages for conferences, seminars, and business meetings\\n\\n**Payment Methods**\\n- Cash at check-in\\n- Bank card (online reservation or on arrival)\\n- Pre-issued corporate invoice\\n- Electronic payments via virtual payment systems\\n- Bank: Bakay Bank (VIP Center Branch), Account KGS: 1240020001251811\\n\\n**Ideal Guests**\\nFamilies, couples, and groups seeking a peaceful lakeside retreat, as well as small business groups needing a scenic off-site venue for meetings and seminars.\\n\\n**Unique Selling Points**\\n- Panoramic lake and mountain views from every balcony\\n- Authentic atmosphere with Kyrgyz hospitality\\n- Quiet south-shore location away from crowded tourist spots\\n- Full-board options so guests can fully relax without worrying about meals\\n- Versatile for both leisure holidays and small corporate retreats"], "ai_auto_response": ["None", "False"], "auto_extract_data": ["None", "False"], "auto_execute_tasks": ["None", "False"], "check_frequency_hours": ["None", "24"], "max_followup_attempts": ["None", "3"], "auto_status_progression": ["None", "False"], "smart_objection_handling": ["None", "False"], "inactivity_threshold_days": ["None", "2"], "conversation_goals_enabled": ["None", "False"], "proactive_outreach_enabled": ["None", "False"]}	2026-03-16 19:48:31.213333+00	\N	17	\N	\N	\N	\N		\N	\N
2	1	1	zamir@cayu.ai	0	{"id": ["None", "1"], "name": ["None", ""], "role": ["None", "admin"], "email": ["None", "zamir@cayu.ai"], "is_admin": ["None", "True"], "is_staff": ["None", "True"], "language": ["None", "en"], "is_active": ["None", "True"], "created_at": ["None", "2026-03-17 03:03:53.557143"], "updated_at": ["None", "2026-03-17 03:03:53.557162"], "is_superuser": ["None", "True"], "assigned_leads": ["None", "leads.Lead.None"]}	2026-03-17 03:03:53.570392+00	\N	9	\N	\N	\N	\N		\N	\N
3	7	7	Won	0	{"id": ["None", "7"], "key": ["None", "won"], "name": ["None", "Won"], "order": ["None", "4"], "is_final": ["None", "True"], "created_at": ["None", "2026-03-15 09:05:08.585000"], "updated_at": ["None", "2026-03-15 09:05:08.585000"], "description": ["None", "Confirmed booking"]}	2026-03-17 04:25:54.358336+00	\N	11	\N	\N	\N	\N		\N	\N
4	8	8	Lost	0	{"id": ["None", "8"], "key": ["None", "lost"], "name": ["None", "Lost"], "order": ["None", "5"], "is_final": ["None", "True"], "created_at": ["None", "2026-03-15 09:05:31.766000"], "updated_at": ["None", "2026-03-15 09:05:31.767000"], "description": ["None", "Guest did not confirm, said not interested, or did not reply."]}	2026-03-17 04:25:54.365893+00	\N	11	\N	\N	\N	\N		\N	\N
5	2	2	Attempted to Contact	2	{"id": ["2", "None"], "key": ["attempted", "None"], "name": ["Attempted to Contact", "None"], "order": ["2", "None"], "is_final": ["False", "None"], "created_at": ["2026-03-16 04:23:34.931249", "None"], "updated_at": ["2026-03-16 04:23:34.931264", "None"], "description": ["Outreach begun", "None"]}	2026-03-17 04:51:56.963231+00	1	11	10.1.2.193	\N	\N	\N		80	zamir@cayu.ai
6	4	4	Unqualified	2	{"id": ["4", "None"], "key": ["unqualified", "None"], "name": ["Unqualified", "None"], "order": ["4", "None"], "is_final": ["False", "None"], "created_at": ["2026-03-16 04:23:34.941823", "None"], "updated_at": ["2026-03-16 04:23:34.941840", "None"], "description": ["Does not meet criteria", "None"]}	2026-03-17 04:52:00.351478+00	1	11	10.1.1.73	\N	\N	\N		80	zamir@cayu.ai
7	6	6	Converted	2	{"id": ["6", "None"], "key": ["converted", "None"], "name": ["Converted", "None"], "order": ["6", "None"], "is_final": ["False", "None"], "created_at": ["2026-03-16 04:23:34.952072", "None"], "updated_at": ["2026-03-16 04:23:34.952088", "None"], "description": ["Successfully closed", "None"]}	2026-03-17 04:52:06.313716+00	1	11	10.1.1.73	\N	\N	\N		80	zamir@cayu.ai
8	2	2	baikal.maldybaev@gmail.com	0	{"id": ["None", "2"], "name": ["None", ""], "role": ["None", "support"], "email": ["None", "baikal.maldybaev@gmail.com"], "is_admin": ["None", "False"], "is_staff": ["None", "False"], "language": ["None", "en"], "is_active": ["None", "True"], "created_at": ["None", "2026-05-09 17:22:33.335946"], "updated_at": ["None", "2026-05-09 17:22:33.335966"], "is_superuser": ["None", "False"], "is_superadmin": ["None", "False"], "assigned_leads": ["None", "leads.Lead.None"], "org_memberships": ["None", "organizations.OrganizationMember.None"], "owned_organizations": ["None", "organizations.Organization.None"], "current_organization": ["None", "None"]}	2026-05-09 17:22:33.342174+00	\N	9	\N	\N	\N	\N		\N	\N
9	3	3	dnccira@gmail.com	0	{"id": ["None", "3"], "name": ["None", "Daniil"], "role": ["None", "support"], "email": ["None", "dnccira@gmail.com"], "is_admin": ["None", "False"], "is_staff": ["None", "False"], "language": ["None", "en"], "is_active": ["None", "True"], "created_at": ["None", "2026-05-09 17:44:22.530925"], "updated_at": ["None", "2026-05-09 17:44:22.530984"], "is_superuser": ["None", "False"], "is_superadmin": ["None", "False"], "assigned_leads": ["None", "leads.Lead.None"], "org_memberships": ["None", "organizations.OrganizationMember.None"], "owned_organizations": ["None", "organizations.Organization.None"], "current_organization": ["None", "None"]}	2026-05-09 17:44:22.536579+00	\N	9	10.1.1.73	\N	\N	\N		80	\N
10	3	3	dnccira@gmail.com	1	{"current_organization": ["None", "2"]}	2026-05-09 17:44:22.609653+00	\N	9	10.1.1.73	\N	\N	\N		80	\N
11	2	2	AI Config (Auto-response: Disabled)	0	{"id": ["None", "2"], "created_at": ["None", "2026-05-09 17:56:55.519681"], "updated_at": ["None", "2026-05-09 17:56:55.519701"], "organization": ["None", "2"], "system_prompt": ["None", "You are Aida, a warm and professional guest relations assistant for Nomad Camp — a boutique hotel on the scenic south shore of Lake Issyk-Kul, Kyrgyzstan.\\n\\nYour primary goals:\\n1. **Convert inquiries into bookings** — Guide every conversation toward a confirmed reservation.\\n2. **Be warm and hospitable** — Reflect the spirit of Kyrgyz hospitality. Be friendly, personal, and attentive.\\n3. **Respond in the guest's language** — Detect the language the guest is writing in and reply in the SAME language. Supported languages: Russian (primary), Kyrgyz, and English. If the message mixes languages, follow the dominant language. Default to Russian if unclear.\\n4. **Review conversation history** — ALWAYS check what has already been discussed. Never ask for information the guest already provided. Build on previous responses.\\n5. **Answer questions confidently** — Use the knowledge base and company profile to answer questions about pricing, availability, services, policies, and the property. If you don't know a specific detail, offer to connect them with staff.\\n6. **Handle objections gracefully** — Address concerns about price, timing, or availability with genuine solutions and helpful alternatives.\\n7. **Create natural urgency** — Mention seasonal demand, peak periods (summer at Issyk-Kul), or limited availability when appropriate — but never in a pushy way.\\n8. **Collect key booking information** — Work toward gathering: number of guests, check-in/check-out dates, meal plan preference, and contact details.\\n9. **Always end with a next step** — Every message should include a soft call-to-action: confirming a booking, sharing dates, or asking a clarifying question.\\n\\nTone: Warm, welcoming, knowledgeable. Like a trusted local friend who knows the property well.\\nKeep messages concise — guests on WhatsApp/Telegram don't want walls of text. Use short paragraphs and occasional bullet points for clarity.\\n\\nCRITICAL: Pay attention to what the guest has already told you. Acknowledge their previous messages and move the conversation forward — don't repeat questions."], "response_delay": ["None", "5"], "company_profile": ["None", "**Nomad Camp** — A Boutique Hotel on Lake Issyk-Kul\\n\\nNomad Camp is a picturesque retreat nestled on the south shore of Lake Issyk-Kul in the Issyk-Kul region of the Kyrgyz Republic. Our hotel offers cozy rooms with private balconies overlooking the azure waters of the lake and the majestic surrounding mountains — a perfect escape from city life.\\n\\n**Contact & Location**\\n- Address: Kerimkul Ata Street, 347, Issyk-Kul region, Kyrgyz Republic\\n- Email: info@nomadcamp.kg\\n- Legal entity: OsOO \\"Zhartash\\" (Nomad Camp)\\n\\n**Check-In & Check-Out**\\n- Check-in: 14:00\\n- Check-out: 12:00\\n\\n**Cancellation Policy**\\n- Free cancellation 2 or more days before arrival\\n- 50% of prepayment retained for cancellations made within 24 hours of arrival\\n- No refund for cancellations less than 24 hours before arrival\\n- Changes to dates or group size are free if made 2+ days before arrival (price may change based on new dates)\\n\\n**Meal Plans Available**\\n- Breakfast only\\n- Lunch only\\n- Dinner only\\n- Half-board: Breakfast + Lunch\\n- Half-board: Breakfast + Dinner\\n- Full board: Breakfast + Lunch + Dinner\\n\\n**On-Site Facilities & Services**\\n- Nomad Cafe — a cozy in-hotel café with an open kitchen; perfect for morning coffee with lake views\\n- PlayStation rental (per hour)\\n- Computer gaming access\\n- Coffee break packages for conferences, seminars, and business meetings\\n\\n**Payment Methods**\\n- Cash at check-in\\n- Bank card (online reservation or on arrival)\\n- Pre-issued corporate invoice\\n- Electronic payments via virtual payment systems\\n- Bank: Bakay Bank (VIP Center Branch), Account KGS: 1240020001251811\\n\\n**Ideal Guests**\\nFamilies, couples, and groups seeking a peaceful lakeside retreat, as well as small business groups needing a scenic off-site venue for meetings and seminars.\\n\\n**Unique Selling Points**\\n- Panoramic lake and mountain views from every balcony\\n- Authentic atmosphere with Kyrgyz hospitality\\n- Quiet south-shore location away from crowded tourist spots\\n- Full-board options so guests can fully relax without worrying about meals\\n- Versatile for both leisure holidays and small corporate retreats"], "ai_auto_response": ["None", "False"], "auto_extract_data": ["None", "False"], "auto_execute_tasks": ["None", "False"], "check_frequency_hours": ["None", "24"], "max_followup_attempts": ["None", "3"], "auto_status_progression": ["None", "False"], "smart_objection_handling": ["None", "False"], "inactivity_threshold_days": ["None", "2"], "conversation_goals_enabled": ["None", "False"], "proactive_outreach_enabled": ["None", "False"]}	2026-05-09 17:56:55.523549+00	3	17	10.1.2.193	\N	\N	\N		80	dnccira@gmail.com
\.


--
-- Data for Name: auth_group; Type: TABLE DATA; Schema: public; Owner: -
--

COPY public.auth_group (id, name) FROM stdin;
\.


--
-- Data for Name: auth_group_permissions; Type: TABLE DATA; Schema: public; Owner: -
--

COPY public.auth_group_permissions (id, group_id, permission_id) FROM stdin;
\.


--
-- Data for Name: auth_permission; Type: TABLE DATA; Schema: public; Owner: -
--

COPY public.auth_permission (id, name, content_type_id, codename) FROM stdin;
1	Can add log entry	1	add_logentry
2	Can change log entry	1	change_logentry
3	Can delete log entry	1	delete_logentry
4	Can view log entry	1	view_logentry
5	Can add permission	2	add_permission
6	Can change permission	2	change_permission
7	Can delete permission	2	delete_permission
8	Can view permission	2	view_permission
9	Can add group	3	add_group
10	Can change group	3	change_group
11	Can delete group	3	delete_group
12	Can view group	3	view_group
13	Can add content type	4	add_contenttype
14	Can change content type	4	change_contenttype
15	Can delete content type	4	delete_contenttype
16	Can view content type	4	view_contenttype
17	Can add session	5	add_session
18	Can change session	5	change_session
19	Can delete session	5	delete_session
20	Can view session	5	view_session
21	Can add Blacklisted Token	6	add_blacklistedtoken
22	Can change Blacklisted Token	6	change_blacklistedtoken
23	Can delete Blacklisted Token	6	delete_blacklistedtoken
24	Can view Blacklisted Token	6	view_blacklistedtoken
25	Can add Outstanding Token	7	add_outstandingtoken
26	Can change Outstanding Token	7	change_outstandingtoken
27	Can delete Outstanding Token	7	delete_outstandingtoken
28	Can view Outstanding Token	7	view_outstandingtoken
29	Can add log entry	8	add_logentry
30	Can change log entry	8	change_logentry
31	Can delete log entry	8	delete_logentry
32	Can view log entry	8	view_logentry
33	Can add user	9	add_user
34	Can change user	9	change_user
35	Can delete user	9	delete_user
36	Can view user	9	view_user
37	Can add lead	10	add_lead
38	Can change lead	10	change_lead
39	Can delete lead	10	delete_lead
40	Can view lead	10	view_lead
41	Can add Pipeline Stage	11	add_pipelinestage
42	Can change Pipeline Stage	11	change_pipelinestage
43	Can delete Pipeline Stage	11	delete_pipelinestage
44	Can view Pipeline Stage	11	view_pipelinestage
45	Can add Customer	12	add_customer
46	Can change Customer	12	change_customer
47	Can delete Customer	12	delete_customer
48	Can view Customer	12	view_customer
49	Can add Lead Activity	13	add_leadactivity
50	Can change Lead Activity	13	change_leadactivity
51	Can delete Lead Activity	13	delete_leadactivity
52	Can view Lead Activity	13	view_leadactivity
53	Can add Lead Note	14	add_leadnote
54	Can change Lead Note	14	change_leadnote
55	Can delete Lead Note	14	delete_leadnote
56	Can view Lead Note	14	view_leadnote
57	Can add Task	15	add_task
58	Can change Task	15	change_task
59	Can delete Task	15	delete_task
60	Can view Task	15	view_task
61	Can add Telegram Configuration	16	add_telegramconfig
62	Can change Telegram Configuration	16	change_telegramconfig
63	Can delete Telegram Configuration	16	delete_telegramconfig
64	Can view Telegram Configuration	16	view_telegramconfig
65	Can add AI Configuration	17	add_aiconfig
66	Can change AI Configuration	17	change_aiconfig
67	Can delete AI Configuration	17	delete_aiconfig
68	Can view AI Configuration	17	view_aiconfig
69	Can add WhatsApp Configuration	18	add_whatsappconfig
70	Can change WhatsApp Configuration	18	change_whatsappconfig
71	Can delete WhatsApp Configuration	18	delete_whatsappconfig
72	Can view WhatsApp Configuration	18	view_whatsappconfig
73	Can add Lead Goal	19	add_leadgoal
74	Can change Lead Goal	19	change_leadgoal
75	Can delete Lead Goal	19	delete_leadgoal
76	Can view Lead Goal	19	view_leadgoal
77	Can add Segment	20	add_segment
78	Can change Segment	20	change_segment
79	Can delete Segment	20	delete_segment
80	Can view Segment	20	view_segment
81	Can add RingCentral Configuration	21	add_ringcentralconfig
82	Can change RingCentral Configuration	21	change_ringcentralconfig
83	Can delete RingCentral Configuration	21	delete_ringcentralconfig
84	Can view RingCentral Configuration	21	view_ringcentralconfig
85	Can add Instagram Connection	22	add_instagramconnection
86	Can change Instagram Connection	22	change_instagramconnection
87	Can delete Instagram Connection	22	delete_instagramconnection
88	Can view Instagram Connection	22	view_instagramconnection
89	Can add Instagram App Config	23	add_instagramappconfig
90	Can change Instagram App Config	23	change_instagramappconfig
91	Can delete Instagram App Config	23	delete_instagramappconfig
92	Can view Instagram App Config	23	view_instagramappconfig
93	Can add WhatsApp App Config	24	add_whatsappappconfig
94	Can change WhatsApp App Config	24	change_whatsappappconfig
95	Can delete WhatsApp App Config	24	delete_whatsappappconfig
96	Can view WhatsApp App Config	24	view_whatsappappconfig
97	Can add Hotel Media Item	25	add_hotelmediaitem
98	Can change Hotel Media Item	25	change_hotelmediaitem
99	Can delete Hotel Media Item	25	delete_hotelmediaitem
100	Can view Hotel Media Item	25	view_hotelmediaitem
101	Can add Hotel Media Photo	26	add_hotelmediaphoto
102	Can change Hotel Media Photo	26	change_hotelmediaphoto
103	Can delete Hotel Media Photo	26	delete_hotelmediaphoto
104	Can view Hotel Media Photo	26	view_hotelmediaphoto
105	Can add AI Style Configuration	27	add_aistyleconfig
106	Can change AI Style Configuration	27	change_aistyleconfig
107	Can delete AI Style Configuration	27	delete_aistyleconfig
108	Can view AI Style Configuration	27	view_aistyleconfig
109	Can add Handover Contact	28	add_handovercontact
110	Can change Handover Contact	28	change_handovercontact
111	Can delete Handover Contact	28	delete_handovercontact
112	Can view Handover Contact	28	view_handovercontact
113	Can add Hotel FAQ	29	add_hotelfaq
114	Can change Hotel FAQ	29	change_hotelfaq
115	Can delete Hotel FAQ	29	delete_hotelfaq
116	Can view Hotel FAQ	29	view_hotelfaq
117	Can add Hotel Policy	30	add_hotelpolicy
118	Can change Hotel Policy	30	change_hotelpolicy
119	Can delete Hotel Policy	30	delete_hotelpolicy
120	Can view Hotel Policy	30	view_hotelpolicy
121	Can add Hotel Profile	31	add_hotelprofile
122	Can change Hotel Profile	31	change_hotelprofile
123	Can delete Hotel Profile	31	delete_hotelprofile
124	Can view Hotel Profile	31	view_hotelprofile
125	Can add hotel profile link	32	add_hotelprofilelink
126	Can change hotel profile link	32	change_hotelprofilelink
127	Can delete hotel profile link	32	delete_hotelprofilelink
128	Can view hotel profile link	32	view_hotelprofilelink
129	Can add playbook	33	add_playbook
130	Can change playbook	33	change_playbook
131	Can delete playbook	33	delete_playbook
132	Can view playbook	33	view_playbook
133	Can add Room Pricing	34	add_roompricing
134	Can change Room Pricing	34	change_roompricing
135	Can delete Room Pricing	34	delete_roompricing
136	Can view Room Pricing	34	view_roompricing
137	Can add Room Combination Note	35	add_roomcombinationnote
138	Can change Room Combination Note	35	change_roomcombinationnote
139	Can delete Room Combination Note	35	delete_roomcombinationnote
140	Can view Room Combination Note	35	view_roomcombinationnote
141	Can add AI Flow Mode	36	add_aiflowmode
142	Can change AI Flow Mode	36	change_aiflowmode
143	Can delete AI Flow Mode	36	delete_aiflowmode
144	Can view AI Flow Mode	36	view_aiflowmode
145	Can add conversation flow	37	add_conversationflow
146	Can change conversation flow	37	change_conversationflow
147	Can delete conversation flow	37	delete_conversationflow
148	Can view conversation flow	37	view_conversationflow
149	Can add flow card	38	add_flowcard
150	Can change flow card	38	change_flowcard
151	Can delete flow card	38	delete_flowcard
152	Can view flow card	38	view_flowcard
153	Can add flow connection	39	add_flowconnection
154	Can change flow connection	39	change_flowconnection
155	Can delete flow connection	39	delete_flowconnection
156	Can view flow connection	39	view_flowconnection
157	Can add lead flow state	40	add_leadflowstate
158	Can change lead flow state	40	change_leadflowstate
159	Can delete lead flow state	40	delete_leadflowstate
160	Can view lead flow state	40	view_leadflowstate
161	Can add ai tool	41	add_aitool
162	Can change ai tool	41	change_aitool
163	Can delete ai tool	41	delete_aitool
164	Can view ai tool	41	view_aitool
165	Can add AI Model Config	42	add_aimodelconfig
166	Can change AI Model Config	42	change_aimodelconfig
167	Can delete AI Model Config	42	delete_aimodelconfig
168	Can view AI Model Config	42	view_aimodelconfig
169	Can add Manager Transfer Config	43	add_managertransferconfig
170	Can change Manager Transfer Config	43	change_managertransferconfig
171	Can delete Manager Transfer Config	43	delete_managertransferconfig
172	Can view Manager Transfer Config	43	view_managertransferconfig
173	Can add organization	44	add_organization
174	Can change organization	44	change_organization
175	Can delete organization	44	delete_organization
176	Can view organization	44	view_organization
177	Can add organization member	45	add_organizationmember
178	Can change organization member	45	change_organizationmember
179	Can delete organization member	45	delete_organizationmember
180	Can view organization member	45	view_organizationmember
181	Can add Agent Config	46	add_agentconfig
182	Can change Agent Config	46	change_agentconfig
183	Can delete Agent Config	46	delete_agentconfig
184	Can view Agent Config	46	view_agentconfig
\.


--
-- Data for Name: django_admin_log; Type: TABLE DATA; Schema: public; Owner: -
--

COPY public.django_admin_log (id, action_time, object_id, object_repr, action_flag, change_message, content_type_id, user_id) FROM stdin;
\.


--
-- Data for Name: django_content_type; Type: TABLE DATA; Schema: public; Owner: -
--

COPY public.django_content_type (id, app_label, model) FROM stdin;
1	admin	logentry
2	auth	permission
3	auth	group
4	contenttypes	contenttype
5	sessions	session
6	token_blacklist	blacklistedtoken
7	token_blacklist	outstandingtoken
8	auditlog	logentry
9	users	user
10	leads	lead
11	leads	pipelinestage
12	leads	customer
13	leads	leadactivity
14	leads	leadnote
15	leads	task
16	leads	telegramconfig
17	leads	aiconfig
18	leads	whatsappconfig
19	leads	leadgoal
20	leads	segment
21	leads	ringcentralconfig
22	leads	instagramconnection
23	leads	instagramappconfig
24	leads	whatsappappconfig
25	hotel_media	hotelmediaitem
26	hotel_media	hotelmediaphoto
27	hotel_info	aistyleconfig
28	hotel_info	handovercontact
29	hotel_info	hotelfaq
30	hotel_info	hotelpolicy
31	hotel_info	hotelprofile
32	hotel_info	hotelprofilelink
33	hotel_info	playbook
34	hotel_info	roompricing
35	hotel_info	roomcombinationnote
36	flows	aiflowmode
37	flows	conversationflow
38	flows	flowcard
39	flows	flowconnection
40	flows	leadflowstate
41	flows	aitool
42	flows	aimodelconfig
43	flows	managertransferconfig
44	organizations	organization
45	organizations	organizationmember
46	flows	agentconfig
\.


--
-- Data for Name: django_migrations; Type: TABLE DATA; Schema: public; Owner: -
--

COPY public.django_migrations (id, app, name, applied) FROM stdin;
1	contenttypes	0001_initial	2026-03-16 04:23:33.377196+00
2	contenttypes	0002_remove_content_type_name	2026-03-16 04:23:33.394166+00
3	auth	0001_initial	2026-03-16 04:23:33.493073+00
4	auth	0002_alter_permission_name_max_length	2026-03-16 04:23:33.50076+00
5	auth	0003_alter_user_email_max_length	2026-03-16 04:23:33.508008+00
6	auth	0004_alter_user_username_opts	2026-03-16 04:23:33.515922+00
7	auth	0005_alter_user_last_login_null	2026-03-16 04:23:33.52402+00
8	auth	0006_require_contenttypes_0002	2026-03-16 04:23:33.528188+00
9	auth	0007_alter_validators_add_error_messages	2026-03-16 04:23:33.536174+00
10	auth	0008_alter_user_username_max_length	2026-03-16 04:23:33.545283+00
11	auth	0009_alter_user_last_name_max_length	2026-03-16 04:23:33.609896+00
12	auth	0010_alter_group_name_max_length	2026-03-16 04:23:33.621024+00
13	auth	0011_update_proxy_permissions	2026-03-16 04:23:33.628969+00
14	auth	0012_alter_user_first_name_max_length	2026-03-16 04:23:33.637477+00
15	users	0001_initial	2026-03-16 04:23:33.765017+00
16	admin	0001_initial	2026-03-16 04:23:33.805743+00
17	admin	0002_logentry_remove_auto_add	2026-03-16 04:23:33.814496+00
18	admin	0003_logentry_add_action_flag_choices	2026-03-16 04:23:33.824288+00
19	auditlog	0001_initial	2026-03-16 04:23:33.866729+00
20	auditlog	0002_auto_support_long_primary_keys	2026-03-16 04:23:33.950413+00
21	auditlog	0003_logentry_remote_addr	2026-03-16 04:23:33.964688+00
22	auditlog	0004_logentry_detailed_object_repr	2026-03-16 04:23:34.015302+00
23	auditlog	0005_logentry_additional_data_verbose_name	2026-03-16 04:23:34.025765+00
24	auditlog	0006_object_pk_index	2026-03-16 04:23:34.063012+00
25	auditlog	0007_object_pk_type	2026-03-16 04:23:34.115475+00
26	auditlog	0008_action_index	2026-03-16 04:23:34.133218+00
27	auditlog	0009_alter_logentry_additional_data	2026-03-16 04:23:34.143471+00
28	auditlog	0010_alter_logentry_timestamp	2026-03-16 04:23:34.227663+00
29	auditlog	0011_logentry_serialized_data	2026-03-16 04:23:34.608493+00
30	auditlog	0012_add_logentry_action_access	2026-03-16 04:23:34.619581+00
31	auditlog	0013_alter_logentry_timestamp	2026-03-16 04:23:34.630504+00
32	auditlog	0014_logentry_cid	2026-03-16 04:23:34.713921+00
33	auditlog	0015_alter_logentry_changes	2026-03-16 04:23:34.829572+00
34	auditlog	0016_logentry_remote_port	2026-03-16 04:23:34.843501+00
35	auditlog	0017_add_actor_email	2026-03-16 04:23:34.858062+00
36	leads	0001_initial	2026-03-16 04:23:34.870757+00
37	leads	0002_pipelinestage	2026-03-16 04:23:34.891259+00
38	leads	0003_populate_default_stages	2026-03-16 04:23:34.954431+00
39	leads	0004_customer	2026-03-16 04:23:35.029755+00
40	leads	0005_leadactivity_leadnote_task	2026-03-16 04:23:35.095548+00
41	leads	0006_lead_telegram_chat_id_lead_telegram_username_and_more	2026-03-16 04:23:35.124416+00
42	leads	0007_alter_pipelinestage_options_lead_segment_and_more	2026-03-16 04:23:35.219853+00
43	leads	0008_telegramconfig_alter_lead_segment_and_more	2026-03-16 04:23:35.239584+00
44	leads	0009_lead_instagram_user_id_lead_instagram_username_and_more	2026-03-16 04:23:35.414733+00
45	leads	0010_lead_address_lead_campaign_source_lead_city_and_more	2026-03-16 04:23:36.034991+00
46	leads	0011_aiconfig	2026-03-16 04:23:36.051471+00
47	leads	0012_knowledgedocument_knowledgeentry	2026-03-16 04:23:36.129801+00
48	leads	0013_alter_aiconfig_system_prompt	2026-03-16 04:23:36.135732+00
49	leads	0014_aiconfig_company_profile	2026-03-16 04:23:36.146215+00
50	leads	0015_alter_aiconfig_system_prompt	2026-03-16 04:23:36.151407+00
51	leads	0016_instagramconfig_alter_leadactivity_activity_type	2026-03-16 04:23:36.172315+00
52	leads	0017_followuptemplate	2026-03-16 04:23:36.225243+00
53	leads	0018_pipelinestage_followup_enabled_and_more	2026-03-16 04:23:36.238696+00
54	leads	0019_delete_followuptemplate	2026-03-16 04:23:36.245771+00
55	leads	0020_remove_aiconfig_auto_schedule_on_incomplete_and_more	2026-03-16 04:23:36.416546+00
56	leads	0021_whatsappconfig_alter_leadactivity_activity_type	2026-03-16 04:23:36.437884+00
57	leads	0022_aiconfig_auto_execute_tasks_and_more	2026-03-16 04:23:36.917026+00
58	leads	0023_customer_contract_end_date_customer_customer_status_and_more	2026-03-16 04:23:37.221194+00
59	leads	0024_remove_customer_address_and_more	2026-03-16 04:23:37.415305+00
60	leads	0025_rename_segment_values	2026-03-16 04:23:37.542234+00
61	leads	0026_lead_assigned_to	2026-03-16 04:23:37.637206+00
62	leads	0027_decouple_stages_from_segments	2026-03-16 04:23:37.947149+00
63	leads	0028_lead_complexity_score_lead_problem_description_and_more	2026-03-16 04:23:38.120269+00
64	leads	0029_ringcentralconfig_alter_leadactivity_activity_type	2026-03-16 04:23:38.150257+00
65	leads	0030_nomadcamp_aiconfig_prompts	2026-03-16 04:23:38.311028+00
66	leads	0031_alter_aiconfig_company_profile_and_more	2026-03-16 04:23:38.318781+00
67	leads	0032_alter_aiconfig_company_profile_and_more	2026-03-16 04:23:38.327155+00
68	leads	0033_aiconfig_multilingual_system_prompt	2026-03-16 04:23:38.419729+00
69	leads	0034_alter_aiconfig_system_prompt	2026-03-16 04:23:38.425346+00
70	leads	0035_enable_auto_status_progression	2026-03-16 04:23:38.530796+00
71	leads	0036_lead_check_in_date_lead_check_out_date_and_more	2026-03-16 04:23:38.910182+00
72	leads	0037_lead_next_steps_alter_lead_problem_description	2026-03-16 04:23:39.018536+00
73	leads	0038_remove_knowledge_base	2026-03-16 04:23:39.031504+00
74	flows	0001_initial	2026-03-16 04:23:39.238032+00
75	flows	0002_add_aitool_model	2026-03-16 04:23:39.258394+00
76	flows	0003_seed_ai_tools	2026-03-16 04:23:39.332534+00
77	flows	0004_alter_flowcard_message_template	2026-03-16 04:23:39.340448+00
78	flows	0005_update_meal_plan_tool_description	2026-03-16 04:23:39.431232+00
79	flows	0006_aimodelconfig	2026-03-16 04:23:39.441056+00
80	flows	0007_managertransferconfig	2026-03-16 04:23:39.521378+00
81	flows	0008_seed_transfer_tool	2026-03-16 04:23:39.618315+00
82	hotel_info	0001_initial	2026-03-16 04:23:39.673625+00
83	hotel_info	0002_alter_roompricing_options_and_more	2026-03-16 04:23:39.735614+00
84	hotel_info	0003_alter_roompricing_options_roompricing_is_weekend_and_more	2026-03-16 04:23:39.751669+00
85	hotel_info	0004_roompricing_day_type	2026-03-16 04:23:39.921977+00
86	hotel_info	0005_aistyleconfig	2026-03-16 04:23:39.938548+00
87	hotel_info	0006_handovercontact_hotelfaq_hotelpolicy_hotelprofile_and_more	2026-03-16 04:23:40.047482+00
88	hotel_info	0007_playbook	2026-03-16 04:23:40.063727+00
89	hotel_info	0008_remove_roompricing	2026-03-16 04:23:40.070775+00
90	hotel_info	0009_remove_menu_models	2026-03-16 04:23:40.515838+00
91	hotel_info	0010_roompricing	2026-03-16 04:23:40.531215+00
92	hotel_info	0011_alter_roompricing_options	2026-03-16 04:23:40.536916+00
93	hotel_info	0012_roomcombinationnote	2026-03-16 04:23:40.555242+00
94	hotel_info	0013_roomcombinationnote_combination_type_and_more	2026-03-16 04:23:40.564495+00
95	hotel_info	0014_roomcombinationnote_is_custom_and_more	2026-03-16 04:23:40.614653+00
96	hotel_info	0015_roomcombinationnote_is_hidden	2026-03-16 04:23:40.624275+00
97	hotel_info	0016_roompricing_guest_type_alter_roomcombinationnote_combination_type	2026-03-16 04:23:40.635953+00
98	hotel_media	0001_initial	2026-03-16 04:23:40.65147+00
99	hotel_media	0002_hotelmediaphoto	2026-03-16 04:23:40.670712+00
100	hotel_media	0003_hotelmediaitem_room_category	2026-03-16 04:23:40.714288+00
101	leads	0039_lead_instagram_intent_tier	2026-03-16 04:23:40.735512+00
102	leads	0040_backfill_last_contacted	2026-03-16 04:23:40.92009+00
103	leads	0041_backfill_conversation_summaries	2026-03-16 04:23:41.023812+00
104	leads	0042_instagramoauthconfig	2026-03-16 04:23:41.040449+00
105	leads	0043_instagramconnection_delete_instagramconfig_and_more	2026-03-16 04:23:41.113072+00
106	leads	0044_instagramappconfig	2026-03-16 04:23:41.126416+00
107	leads	0045_alter_instagramconnection_access_token	2026-03-16 04:23:41.135155+00
108	leads	0046_alter_instagramconnection_profile_picture_url	2026-03-16 04:23:41.143272+00
109	leads	0047_instagramconnection_webhook_subscribed	2026-03-16 04:23:41.154672+00
110	leads	0048_whatsappconfig_token_expires_at_and_more	2026-03-16 04:23:41.224021+00
111	leads	0049_whatsappappconfig	2026-03-16 04:23:41.235758+00
112	sessions	0001_initial	2026-03-16 04:23:41.257253+00
113	token_blacklist	0001_initial	2026-03-16 04:23:41.429822+00
114	token_blacklist	0002_outstandingtoken_jti_hex	2026-03-16 04:23:41.512172+00
115	token_blacklist	0003_auto_20171017_2007	2026-03-16 04:23:41.626487+00
116	token_blacklist	0004_auto_20171017_2013	2026-03-16 04:23:41.720511+00
117	token_blacklist	0005_remove_outstandingtoken_jti	2026-03-16 04:23:41.741194+00
118	token_blacklist	0006_auto_20171017_2113	2026-03-16 04:23:41.820614+00
119	token_blacklist	0007_auto_20171017_2214	2026-03-16 04:23:41.942201+00
120	token_blacklist	0008_migrate_to_bigautofield	2026-03-16 04:23:42.164302+00
121	token_blacklist	0010_fix_migrate_to_bigautofield	2026-03-16 04:23:42.220752+00
122	token_blacklist	0011_linearizes_history	2026-03-16 04:23:42.225591+00
123	token_blacklist	0012_alter_outstandingtoken_user	2026-03-16 04:23:42.317831+00
124	token_blacklist	0013_alter_blacklistedtoken_options_and_more	2026-03-16 04:23:42.413662+00
125	users	0002_add_role_field	2026-03-16 04:23:42.433174+00
126	users	0003_backfill_user_roles	2026-03-16 04:23:42.615611+00
127	flows	0009_flowcard_playbook	2026-03-17 02:04:45.684814+00
128	flows	0010_managertransferconfig_notification_template	2026-03-17 02:04:45.731415+00
129	flows	0011_global_prompt_and_multi_playbooks	2026-03-17 02:04:46.469067+00
130	flows	0012_seed_send_room_photos_tool	2026-03-17 02:04:46.538896+00
131	flows	0013_seed_send_media_tool	2026-03-17 02:04:46.725641+00
132	flows	0014_remove_send_media_tool	2026-03-17 02:04:46.839753+00
133	hotel_info	0017_remove_ai_style_config	2026-03-17 02:04:46.922292+00
134	leads	0050_remove_customer_company_name_and_more	2026-03-17 02:04:47.021601+00
135	users	0004_user_language	2026-03-17 02:04:47.040133+00
136	organizations	0001_initial	2026-05-09 17:20:40.231279+00
137	flows	0015_add_family_room_tool	2026-05-09 17:20:40.244993+00
138	flows	0016_agentconfig	2026-05-09 17:20:40.342925+00
139	flows	0017_seed_agent_configs	2026-05-09 17:20:40.358335+00
140	flows	0018_update_router_prompt	2026-05-09 17:20:40.362305+00
141	flows	0019_fix_agent_prompts	2026-05-09 17:20:40.408479+00
142	flows	0020_make_router_editable	2026-05-09 17:20:40.412598+00
143	flows	0021_agentconfig_organization_aiflowmode_organization_and_more	2026-05-09 17:20:41.036778+00
144	users	0005_user_current_organization_user_is_superadmin	2026-05-09 17:20:41.220086+00
145	leads	0051_instagramconnection_instagram_business_account_id_and_more	2026-05-09 17:20:41.229599+00
146	leads	0052_leadactivity_is_read	2026-05-09 17:20:41.317955+00
147	leads	0053_mark_existing_inbound_activities_read	2026-05-09 17:20:41.507831+00
148	leads	0054_lead_ai_paused_leadactivity_echo_origin	2026-05-09 17:20:41.605263+00
149	leads	0055_lead_agent_context	2026-05-09 17:20:41.710298+00
150	leads	0056_lead_ai_paused_at_lead_ai_paused_by	2026-05-09 17:20:41.821874+00
151	leads	0057_whatsappconfig_verify_token	2026-05-09 17:20:41.828549+00
152	leads	0058_aiconfig_organization_customer_organization_and_more	2026-05-09 17:20:44.238928+00
153	hotel_media	0004_hotelmediaitem_organization	2026-05-09 17:20:44.323789+00
154	hotel_info	0018_handovercontact_organization_hotelfaq_organization_and_more	2026-05-09 17:20:45.357268+00
155	organizations	0002_populate_default_org	2026-05-09 17:20:46.168693+00
156	organizations	0003_fix_users_missing_current_org	2026-05-09 17:20:46.313869+00
157	hotel_info	0019_assign_org_to_orphaned_playbooks	2026-05-09 17:20:46.50984+00
158	hotel_info	0020_playbook_expires_at	2026-05-09 17:20:46.613942+00
\.


--
-- Data for Name: django_session; Type: TABLE DATA; Schema: public; Owner: -
--

COPY public.django_session (session_key, session_data, expire_date) FROM stdin;
\.


--
-- Data for Name: flows_agentconfig; Type: TABLE DATA; Schema: public; Owner: -
--

COPY public.flows_agentconfig (id, name, display_name, system_prompt, tools, is_editable, created_at, updated_at, organization_id) FROM stdin;
2	booking	Booking Agent	You are the Booking Agent for Nomad Camp. Your role is to guide guests through the booking process step by step using the active conversation flow. Focus exclusively on collecting booking details: dates, guest count, room type, and meal plan. When handoff_context is set, acknowledge the choice that was made and move directly to the next step. Never re-show options already confirmed in the shared context.	["get_room_options", "get_family_room", "get_room_images", "transfer_to_manager"]	t	2026-05-09 17:20:40.351881+00	2026-05-09 17:20:40.352032+00	1
4	consultant	Consultant Agent	You are the Consultant Agent for Nomad Camp. You help undecided guests choose the right room by asking ONE targeted qualifying question and then making a clear, confident recommendation with brief reasoning. You have access to room options and can look up what is available. Once the guest confirms a choice, summarize it clearly and hand back to the Booking Agent by setting handoff_context with the confirmed room description. Keep your tone warm and helpful. Never overwhelm the guest with too many options at once.	["get_room_options", "get_family_room"]	t	2026-05-09 17:20:40.357022+00	2026-05-09 17:20:40.357164+00	1
3	cs	Customer Service Agent	You are the Customer Service Agent for Nomad Camp. You handle general questions about the hotel: location, facilities, amenities, check-in/check-out times, policies, directions, and other non-booking inquiries. You do NOT know room prices or booking availability — redirect those questions to the booking team. Answer concisely in 1-3 sentences. After answering, add a soft return to the booking topic — craft your own natural sentence based on whether a booking was in progress. NEVER copy example phrases word-for-word. Do not use fixed templates like "мы остановились" or "we were in the middle of your booking". Write a fresh, context-appropriate sentence each time.	[]	t	2026-05-09 17:20:40.354415+00	2026-05-09 17:20:40.354585+00	1
1	router	Intent Router	You are an intent classifier for a hotel booking assistant.\nClassify the incoming message into exactly one of these intents:\n\nbooking:\n- Any request for a room, price, dates, or guest count\n- Room selection or meal plan selection\n- Providing contact details\n- "есть номер", "сколько стоит", "хочу забронировать", "на двоих", "на троих"\n- Confirmations: "да", "окей", "подходит", "беру", "yes", "ok", "confirmed"\n- NEVER classify room availability questions as faq\n\ngreeting:\n- First message with no specific request\n- "привет", "здравствуйте", "hello", "hi"\n- Route to Booking Agent\n\nfaq:\n- Questions about hotel facilities or policies NOT related to a specific booking\n- Pool, parking, pets, spa, directions, working hours\n- Check-in/check-out TIME (not date), cancellation policy\n- NEVER use faq for: room availability, prices, guest count, or booking dates\n\nundecided:\n- Guest cannot choose between presented options\n- "и тот и тот", "не знаю", "оба подходят", "both are fine"\n- "что лучше", "помогите выбрать", "help me choose"\n- IMPORTANT: "да" / "окей" / "подходит" = booking (confirmation), NOT undecided\n- Must check booking_step from Shared Context before classifying\n\noff_topic:\n- Anything unrelated to the hotel\n- Route to CS Agent for polite redirect\n\nCRITICAL EDGE CASES:\n- "и тот и тот можно" during room_selection → undecided\n- "и тот и тот можно" during meal_selection → undecided\n- "да" / "окей" / "yes" → always booking (confirmation)\n- "есть номер на двоих?" → always booking (not faq)\n- "сколько стоит?" → always booking (not faq)\n\nCurrent booking_step: {booking_step}\n\nReply with ONLY a JSON object:\n{{"intent": "<one of the 5 values>", "confidence": <0.0-1.0>}}\n\nNo other text. No markdown.	[]	t	2026-05-09 17:20:40.348735+00	2026-05-09 17:20:40.348976+00	1
\.


--
-- Data for Name: flows_agentconfig_playbooks; Type: TABLE DATA; Schema: public; Owner: -
--

COPY public.flows_agentconfig_playbooks (id, agentconfig_id, playbook_id) FROM stdin;
\.


--
-- Data for Name: flows_aiflowmode; Type: TABLE DATA; Schema: public; Owner: -
--

COPY public.flows_aiflowmode (id, mode, updated_at, organization_id) FROM stdin;
1	flow_guided	2026-03-16 08:25:10.195+00	1
\.


--
-- Data for Name: flows_aimodelconfig; Type: TABLE DATA; Schema: public; Owner: -
--

COPY public.flows_aimodelconfig (id, temperature, max_tokens, updated_at, organization_id) FROM stdin;
1	0.4	300	2026-03-16 10:58:36.146+00	1
\.


--
-- Data for Name: flows_aitool; Type: TABLE DATA; Schema: public; Owner: -
--

COPY public.flows_aitool (id, name, display_name, description, is_enabled, created_at, updated_at, organization_id) FROM stdin;
2	get_meal_plan_pricing	Get Meal Plan Pricing	Look up meal plan prices for a specific room type. Call this after room selection AND whenever the guest asks ANY question about food, meals, питание, dining, or что включено в стоимость. This is the ONLY authoritative source for meal pricing — never answer food questions from memory. Returns total_price_per_night for each meal plan — this is the COMPLETE all-in nightly rate (room + meals combined). It is NOT an add-on fee. Do NOT subtract the room base price. Quote total_price_per_night directly as the new rate: 'с полупансионом — 8 800 сом/ночь'. Never do arithmetic with the room price. Never present a delta. Just quote total_price_per_night.	t	2026-03-13 22:35:40.672+00	2026-03-13 22:35:40.673+00	1
3	transfer_to_manager	Transfer to Manager	Call this tool to notify the hotel manager about a completed or escalated lead.\n\nCall when ANY of these happen:\n1. Guest has confirmed room + meal plan + provided contacts → booking complete\n2. Guest is a legal entity (юрлицо), requests invoice or contract\n3. Corporate event, conference, teambuilding, banquet request\n4. Sports camp or group training request\n5. Complaint, conflict, or refund request\n6. get_room_options returns {"error": "transfer_to_manager"} for groups > 10 → YOU MUST CALL THIS TOOL IMMEDIATELY. Do not just tell the guest you are transferring — actually call this tool first, then tell the guest.\n7. Guest asks a question you cannot answer from the knowledge base\n\nIMPORTANT: Whenever you say "I will transfer you to the manager" or "передам менеджеру" or any equivalent phrase — you MUST call this tool in the same turn. Never say those words without calling this tool. Saying the words without calling the tool is not a transfer.\n\nThis tool sends a Telegram notification to the manager with a structured summary.\nAlways call this tool before or immediately after telling the guest the transfer is happening — never ask the guest to wait.	t	2026-03-15 03:35:55.358+00	2026-03-15 05:27:00.911+00	1
4	get_room_images	Send Room Photos	Send photos of hotel rooms to the guest. Call this when a guest asks to see a room, asks what a room looks like, or requests photos. Infer the room category from context: 1-2 guests → standard_queen or standard_twin; 3-4 guests or guest mentions 'комфорт'/'comfort' → comfort; family with confirmed children → family. Pass multiple categories when the guest asks to see all rooms. Photos are sent directly to the guest — compose a natural reply referencing them.	t	2026-03-16 11:13:12.942+00	2026-03-16 11:13:12.942+00	1
1	get_room_options	Get Room Options	Use for standard groups — couples, friends, colleagues, solo travelers. Never call this when the guest mentions children, kids, baby, toddler, son, daughter, or family.	t	2026-03-13 22:35:40.669+00	2026-03-13 22:35:40.669+00	1
5	get_family_room	Get Family Room	Use ONLY when guest mentions children, kids, baby, toddler, son, daughter, family, or any indication they are travelling with minors. Returns family room options only. guest_count should be adults only — do not count children under 6.	t	2026-05-09 17:20:40.243098+00	2026-05-09 17:20:40.243332+00	1
\.


--
-- Data for Name: flows_conversationflow; Type: TABLE DATA; Schema: public; Owner: -
--

COPY public.flows_conversationflow (id, name, description, is_active, created_at, updated_at, global_prompt, organization_id) FROM stdin;
1	Hotel Individual Booking	Guides a lead from first contact through room selection and booking confirmation.	t	2026-03-13 09:06:41.543+00	2026-03-16 12:04:48.342+00	КРИТИЧЕСКИ ВАЖНО - Если гость уточняет количество гостей после того как варианты уже показаны —\nвызови get_room_options заново с обновлённым guest_count.\nНикогда не адаптируй старые варианты под новое количество гостей вручную.\n\nЯЗЫК — КРИТИЧЕСКИ ВАЖНО:\nОпредели язык первого сообщения гостя и отвечай ТОЛЬКО на нём.\n— Гость пишет на английском → отвечай ТОЛЬКО на английском\n— Гость пишет на русском → отвечай ТОЛЬКО на русском\n— Гость пишет на кыргызском → отвечай ТОЛЬКО на кыргызском\n— Если переключается — переключайся вместе с ним немедленно\n\nЯзык гостя имеет абсолютный приоритет над языком шаблона карточки.\nДаже если шаблон написан на русском — отвечай на языке гостя.\n\nСТИЛЬ: Коротко (1–3 предложения), живо, тепло. Эмодзи умеренно: 🌊 🙏 🧡 🌿 😊 🌹. Всегда на «Вы». Если гость груб — не копируй стиль, отвечай спокойно и вежливо.\n\nИНСТРУМЕНТЫ — ГЛОБАЛЬНЫЕ ПРАВИЛА:\n— Никогда не называй цены, типы номеров или варианты размещения из памяти — только из get_room_options.\n— Никогда не выполняй арифметику — все цифры берутся напрямую из ответа инструмента.\n— meal_plan per_night — это полная цена за ночь, не доплата. Она всегда больше standard_price_per_night. Если меньше — ты читаешь неверное поле.\n— Не вызывай get_room_options повторно для получения цен на питание — данные уже есть в первом ответе.\n— Никогда не отправляй финальное сообщение гостю без предварительного вызова transfer_to_manager.\n— Никогда не говори гостю что вызываешь инструмент или отправляешь данные.\n\nСТРОГО ЗАПРЕЩЕНО:\n— Показывать гостю метки «Основной», «Альтернатива», «Семейный»\n— Показывать тип «Семейный» если гость не упомянул детей или семью\n— Говорить «резервирую», «бронирую», «оформляю номер»\n— Говорить «бронь подтверждена» или «номер забронирован»\n— Давать номер брони\n— Гарантировать конкретный этаж или вид из окна\n— Описывать блюда, состав меню или кухню\n— Обещать холодильник в стандарте, микроволновку, доп. кровати, раскладушки\n— Называть цены для корпоративов, групп, юрлиц\n— Обращаться на «ты»\n— Спрашивать телефон в WhatsApp\n— Анонсировать следующие шаги воронки\n\nТОНАЛЬНОСТЬ:\n— Если гость указывает на ошибку: «Вы правы, приношу извинения — исправляюсь.»\n— Завершай тепло: «Будем рады вас встретить 🌹», «До встречи!»\n— Если гость колеблется: «Могу зарезервировать без предоплаты — чтобы номер точно был за вами 😊»	1
\.


--
-- Data for Name: flows_flowcard; Type: TABLE DATA; Schema: public; Owner: -
--

COPY public.flows_flowcard (id, card_type, title, message_template, position_x, position_y, created_at, flow_id) FROM stdin;
1	entry	Welcome & Greeting	ПЕРСОНА:\nТы — Аида, душа гостеприимства Nomad Camp. Ты искренне заботишься о каждом госте — будь то пара у озера, семья с детьми, спортсмены или друзья из города. Твоя цель — не просто оформить бронь, а помочь гостю почувствовать: его здесь ждут, о нём подумали.\n\nЯЗЫК — КРИТИЧЕСКИ ВАЖНО:\nОпредели язык первого сообщения гостя и отвечай ТОЛЬКО на нём.\n— Гость пишет на английском → отвечай ТОЛЬКО на английском\n— Гость пишет на русском → отвечай ТОЛЬКО на русском\n— Гость пишет на кыргызском → отвечай ТОЛЬКО на кыргызском\n— Если переключается — переключайся вместе с ним немедленно\nЯзык гостя имеет абсолютный приоритет над языком шаблона.\nДаже если шаблон написан на русском — отвечай на языке гостя.\n\nСТИЛЬ:\n— Коротко: 1–3 предложения\n— Живо, не роботизированно\n— Эмодзи умеренно: 🌊 🙏 🧡 🌿 😊 🌹\n— Всегда на «Вы»\n— Если гость уже был — начни тепло:\n  «[Имя], рады снова вас видеть! 🧡 Чем могу помочь?»\n\nШАБЛОН — выбери нужный язык и отправь:\n\nRU (гость пишет на русском):\nЗдравствуйте, {contact_person}! 🌊\nВы обратились в отель Nomad Camp на южном берегу Иссык-Куля.\nС радостью подскажу по размещению. Подскажите, пожалуйста:\n📅 На какие даты вы планируете отдых?\n👥 Сколько человек будет?\n\nEN (гость пишет на английском):\nHello, {contact_person}! 🌊\nWelcome to Nomad Camp on the southern shore of Lake Issyk-Kul.\nI'd be happy to help with your stay. Could you please tell me:\n📅 What dates are you planning?\n👥 How many guests will there be?\n\nKG (гость пишет на кыргызском):\nСаламатсызбы, {contact_person}! 🌊\nNomad Camp мейманканасына кош келиңиз.\nЖайгашуу боюнча жардам берүүгө даярмын. Айтыңызчы:\n📅 Кайсы күндөргө пландап жатасыз?\n👥 Канча киши болосуз?\n\nПРАВИЛА:\n— Приветствие отправляется СТРОГО ОДИН РАЗ\n— Если гость уже написал даты или количество гостей\n  в первом сообщении — не задавай эти вопросы снова\n— Считывай естественную речь:\n  «с девушкой» = 2 взрослых\n  «нас трое» = 3 взрослых\n  «семья с ребёнком» = уточни возраст ребёнка\n  «i need a room for two» = 2 adults\n  «we are a family of four» = 4 guests\n— Если гость сразу написал всё (даты + количество) —\n  не задавай вопросы, сразу переходи к Card 2	-498.3673167443653	-580.3518699794886	2026-03-13 09:06:41.565+00	1
11	escalation	Escalate to Staff	ВЫЗОВИ transfer_to_manager с нужным reason и всеми известными данными:\n\nКорпоратив, конференция, тимбилдинг, банкет, юрлицо, счёт, договор\n→ reason="corporate_request"\n→ notes = описание запроса\n\nСпортивные сборы, тренер, команда, кэмп\n→ reason="sports_camp"\n→ notes = описание\n\nГруппа 10+ человек\n→ reason="large_group"\n\nЖалоба, конфликт, негативный опыт\n→ reason="complaint"\n→ notes = суть жалобы\n\nВозврат или отмена бронирования\n→ reason="refund"\n\nВопрос вне базы знаний\n→ reason="unknown_question"\n→ notes = точная формулировка вопроса гостя\n\nЛюбая нестандартная ситуация\n→ reason="escalation"\n→ notes = описание ситуации\n\nПРАВИЛА:\n— Передавай ВСЕ известные поля — даже если часть отсутствует\n— Не жди следующего сообщения — вызывай сразу\n— Инструмент работает в фоне, гость не видит вызов\n\nПОСЛЕ ВЫЗОВА — скажи гостю:\n«Передала менеджеру — он свяжется с вами\nв ближайшее время 🙏»\nБольше ничего не добавляй.\n\nКЛЮЧЕВЫЕ ПРЕИМУЩЕСТВА (если гость спрашивает «почему вы»):\nВыбери максимум 2 под контекст гостя:\n— Пара → виды на озеро и горы, тишина и покой\n— Спортсмен → единственный крытый бассейн 25 м в регионе\n— Семья → природа, пространство, тихое нес клубное место\n— Зима → работаем круглый год\n— Любой → каньон Марс (7 мин), каньон Сказка (19 мин), «Ысык Суу»\nНикогда не перечисляй всё. Заверши вопросом.	254.8266001526909	-76.57702495576808	2026-03-16 08:50:34.946+00	1
12	normal	Room Selection	ИНСТРУМЕНТ — ОБЯЗАТЕЛЬНЫЙ ВЫЗОВ:\n⚠️ ПРЕЖДЕ ЧЕМ ОТВЕЧАТЬ — вызови get_room_options:\n  guest_count = число взрослых (дети до 6 лет не считаются)\n  checkin_date = {check_in_date}\n  checkout_date = {check_out_date}\n\nЗАПРЕЩЕНО ДО ВЫЗОВА ИНСТРУМЕНТА:\n— Называть любые типы номеров\n— Называть любые цены\n— Описывать варианты из памяти\nЕсли сделал это без вызова — критическая ошибка.\n\nКАК ЧИТАТЬ ОТВЕТ:\n→ description = название варианта\n→ standard_price_per_night = цена без питания\n→ type = внутренняя метка (никогда не показывай гостю)\n→ is_multi_room: true = добавь «(два номера — постараемся разместить рядом)»\n\nКАКИЕ ВАРИАНТЫ ПОКАЗЫВАТЬ:\n— type="Основной" → показывай всегда первым\n— type="Альтернатива" → показывай вторым\n— type="Семейный" → ТОЛЬКО если гость упомянул детей, семью,\n  ребёнка, сына, дочь — или сам спросил семейный номер\n— По умолчанию («нас трое», «на двоих») → только Основной + Альтернатива\n— Никогда не показывай слова «Основной», «Альтернатива», «Семейный» гостю\n\nЕСЛИ КОЛИЧЕСТВО ГОСТЕЙ НЕИЗВЕСТНО:\nНикогда не вызывай get_room_options с предположением.\nСначала спроси: «How many guests will there be?» / «Сколько человек будет?»\n«I need a room» без числа = количество неизвестно → спроси.\n\nЕСЛИ ГОСТЬ УТОЧНЯЕТ КОЛИЧЕСТВО ПОСЛЕ ПОКАЗА ВАРИАНТОВ:\n«coming with my girlfriend», «with my wife», «we are two» =\nнемедленно вызови get_room_options заново с правильным guest_count.\nПредыдущие варианты забудь — покажи только новые из инструмента.\n\nНИКОГДА не подтверждай что одноместный номер подходит для двоих.\nОдноместный = максимум 1 человек.\n\nФОРМАТ ОТВЕТА:\n«1. [description] — [standard_price_per_night] сом/ночь\n 2. [description] — [standard_price_per_night] сом/ночь\nКакой вариант вам ближе? 😊»\n\nДЕТИ — ПРАВИЛА guest_count:\n1 реб. до 6 лет → не считается, guest_count = число взрослых\n2+ реб. до 6 лет → guest_count = взрослые, упомяни семейный номер\nРебёнок 7+ лет → считается как взрослый\n\nЕСЛИ ГОСТЬ СПРАШИВАЕТ ФОТО:\nВызови get_room_images(room_type="[тип номера]")\nДопустимые значения: "стандарт квин" | "стандарт твин" | "комфорт" | "семейный"\nПосле отправки: «Вот несколько фото 😊 Нравится этот вариант?»\nЕсли фото недоступны: «Фото сейчас недоступны — но я с удовольствием расскажу подробнее.»\n\nЕСЛИ 10+ ГОСТЕЙ:\nget_room_options вернёт {"error": "transfer_to_manager"}\n→ Скажи: «Для вашей группы подберём индивидуально — уточните количество и даты.»\n→ Вызови transfer_to_manager(reason="large_group")\n→ Перейди на Card 6	-419.6291073049089	-249.46176693033595	2026-03-16 09:40:34.343+00	1
13	normal	Meal Plan Selection	ПРАВИЛО:\nДанные о питании уже есть в ответе get_room_options из Card 2.\nНЕ вызывай get_room_options повторно.\nЧитай meal_plans ВЫБРАННОЙ комбинации.\n\nКАК ЧИТАТЬ meal_plans:\n→ label = название тарифа\n→ per_night = ПОЛНАЯ цена за все номера за ночь включая питание\n→ total = итог за всё проживание\n\n⚠️ КРИТИЧЕСКОЕ ПРАВИЛО:\nper_night — это НЕ доплата и НЕ разница.\nЭто полная новая цена за ночь.\n\nСАМОПРОВЕРКА ПЕРЕД ОТПРАВКОЙ:\nВозьми standard_price_per_night выбранного номера = X\nКаждый per_night из meal_plans ОБЯЗАН быть > X\nЕсли per_night < X → ты взял неверное поле. Остановись.\nВернись к JSON. Найди meal_plans.[тариф].per_night и возьми напрямую.\n\nПример (стандарт двухместный, X = 5 800):\n✅ С завтраком → 7 200 сом/ночь\n❌ С завтраком → 1 400 сом/ночь (это дельта — запрещено)\n\nФОРМАТ ОТВЕТА:\n«Хотите добавить питание?\n— [label] — [per_night] сом/ночь\n— [label] — [per_night] сом/ночь\n— [label] — [per_night] сом/ночь\nЧто предпочитаете?»\n\nЕСЛИ ГОСТЬ СПРАШИВАЕТ ПРО МЕНЮ ИЛИ БЛЮДА:\n«Меню можно посмотреть на месте — на ресепшне подскажут подробнее.»\nНикогда не описывай блюда или состав питания — этой информации нет.\nВремя: завтрак 8:00–10:00 / обед 12:00–14:00 / ужин 18:00–20:00\n\nАРИФМЕТИКА — ПОЛНЫЙ ЗАПРЕТ:\nВсе цены посчитаны инструментом. Никогда не складывай и не вычитай.\ntotal читай напрямую из ответа инструмента.	-456	178	2026-03-16 10:09:33.253+00	1
14	normal	Alternative Dates / Friendly Close	ЕСЛИ ГОСТЬ НЕ УСТРАИВАЮТ ДАТЫ:\n«Понимаю! Могу предложить ближайшие свободные даты —\nили подберём под ваш удобный период.\nКакие даты рассматриваете? 😊»\n\nЕСЛИ ГОСТЬ КОЛЕБЛЕТСЯ:\n«Могу зарезервировать без предоплаты —\nчтобы номер точно был за вами 😊»\n\nЕСЛИ ГОСТЬ НЕ ЗАИНТЕРЕСОВАН:\n«Без проблем! 🌿 Когда будете готовы — пишите,\nвсегда рады помочь.\nNomad Camp ждёт вас на берегу Иссык-Куля 🌊»	-1241.1093740989672	63.237441108393426	2026-03-16 10:46:35.224+00	1
15	normal	Collect Contacts	ПРАВИЛО:\nКонтакты собираются ТОЛЬКО после выбора номера и питания.\nНикогда не спрашивай контакты раньше.\n\nПЛАТФОРМЫ:\n— WhatsApp: телефон уже известен — спрашивай только email\n— Telegram: спрашивай телефон и email\n— Instagram и другие: спрашивай телефон и email\n\nШАБЛОН:\n«Отлично! Для оформления заявки осталось уточнить:\n— Ваше полное имя (ФИО)\n[Telegram/Instagram: — Номер телефона]\n— Email»\n\nЗапрашивай естественно — не анкетой.\nЕсли имя уже известно из диалога — не спрашивай снова.	-452.1402436527626	456.2070121826381	2026-03-16 10:46:46.98+00	1
17	normal	Booking Confirmation	ОБЯЗАТЕЛЬНЫЙ ВЫЗОВ ИНСТРУМЕНТА:\n⚠️ ПРЕЖДЕ ЧЕМ ОТВЕЧАТЬ ГОСТЮ — вызови:\ntransfer_to_manager(\n  reason="booking_complete",\n  guest_name=[имя],\n  guest_phone=[телефон],\n  guest_email=[email],\n  checkin_date={check_in_date},\n  checkout_date={check_out_date},\n  guest_count={num_guests},\n  room_description=[description из get_room_options],\n  meal_plan=[label выбранного тарифа],\n  price_per_night=[per_night],\n  total_price=[total],\n  platform=[telegram/whatsapp/instagram]\n)\n\nИнструмент работает в фоне.\nНикогда не говори гостю «вызываю инструмент» или «отправляю данные».\n\nТОЛЬКО ПОСЛЕ УСПЕШНОГО ВЫЗОВА — отправь гостю:\n«{contact_person}, всё принято! 🙏\n[description номера], {check_in_date}–{check_out_date},\n[питание], итого [total] сом.\nМенеджер свяжется с вами в ближайшее время\nдля подтверждения и предоплаты.\nБудем рады вас встретить! 🌊»\n\nСТРОГО ЗАПРЕЩЕНО:\n— Говорить «бронирование подтверждено» или «номер забронирован»\n— Говорить «резервирую», «бронирую», «оформляю»\n— Давать номер брони\n— Обещать конкретный номер или этаж\n— Отправлять это сообщение без вызова transfer_to_manager\n\nWhatsApp: «Менеджер напишет вам сюда»\nTelegram/Instagram: «Менеджер напишет вам сюда»	-498.028657327891	743.4907669495087	2026-03-16 10:55:55.267+00	1
\.


--
-- Data for Name: flows_flowcard_playbooks; Type: TABLE DATA; Schema: public; Owner: -
--

COPY public.flows_flowcard_playbooks (id, flowcard_id, playbook_id) FROM stdin;
1	1	3
2	1	4
3	1	6
4	1	8
5	1	9
6	1	11
7	1	12
8	1	13
9	12	1
10	12	3
11	12	5
12	12	6
13	12	7
14	12	8
15	12	9
16	12	11
17	13	1
18	13	3
19	13	5
20	13	6
21	13	7
22	13	8
23	13	9
24	13	11
25	13	12
26	14	1
27	14	3
28	14	5
29	14	6
30	14	7
31	14	8
32	14	9
33	14	11
34	14	12
35	15	1
36	15	3
37	15	5
38	15	6
39	15	7
40	15	8
41	15	9
42	15	11
43	15	12
44	17	3
45	17	4
46	17	6
47	17	7
48	17	8
49	17	9
50	17	11
51	17	12
52	17	13
\.


--
-- Data for Name: flows_flowconnection; Type: TABLE DATA; Schema: public; Owner: -
--

COPY public.flows_flowconnection (id, condition_label, condition_keywords, created_at, flow_id, source_card_id, target_card_id) FROM stdin;
9	Эскалация к менеджеру	корпоратив, юрлицо, сборы, тимбилдинг, конференция, банкет, свадьба, мероприятие, тренер, команда, кэмп, спортивный лагерь, группа, организация, компания, счёт, договор, ивент, event, тренинг, семинар, форум, выездной, корпоративный, спортивный сбор, юридическое лицо, выставить счёт, заключить договор, от организации, от компании, для сотрудников, для команды, массовый заезд, большая группа, много людей, 10 человек, 11 человек, 12 человек, 15 человек, 20 человек, 30 человек, 50 человек, camp, training camp, corporate, conference, teambuilding, team building, event, group booking, sports team, coach, trainer	2026-03-16 08:55:54.85+00	1	1	11
10	Room Selection	да, есть, хочу, нужен номер, ищу номер, хотим, планируем, интересует, забронировать, бронь, заселиться, приехать, отдохнуть, остановиться, номер, комната, двухместный, одноместный, стандарт, комфорт, семейный, на двоих, на троих, на четверых, нас двое, нас трое, нас четверо, один человек, два человека, три человека, четыре человека, с девушкой, с женой, с мужем, с другом, с семьёй, с детьми, с ребёнком, январь, февраль, март, апрель, май, июнь, июль, август, сентябрь, октябрь, ноябрь, декабрь, выходные, на неделю, на три дня, на два дня, на ночь, заезд, выезд, с какого, по какое, yes, interested, confirm, book, room, need a room, two people, three people, family, couple, dates, check in, check out, available, availability, looking for, planning	2026-03-16 09:41:49.731+00	1	1	12
11	Meal Plan Selection	первый, второй, первый вариант, второй вариант, этот, подходит, окей, ок, беру, берём, хочу этот, выбираю, подойдёт, устраивает, давайте этот, согласен, согласна, да, хорошо, отлично, норм, нормально, стандарт, комфорт, одноместный, двухместный, семейный, номер подходит, устраивает номер, этот номер, вариант 1, вариант 2, 1й, 2й, первый подходит, второй подходит, 1, 2, yes, ok, okay, good, this one, first, second, first option, second option, suits me, works for me, I'll take it, sounds good, perfect, great, confirmed, this works, option 1, option 2	2026-03-16 10:10:21.625+00	1	12	13
12	Эскалация к менеджеру	корпоратив, юрлицо, сборы, тимбилдинг, конференция, банкет, свадьба, мероприятие, тренер, команда, кэмп, спортивный лагерь, группа, организация, компания, счёт, договор, ивент, тренинг, семинар, форум, выездной, корпоративный, спортивный сбор, юридическое лицо, выставить счёт, заключить договор, от организации, от компании, для сотрудников, для команды, 10 человек, 11 человек, 12 человек, 15 человек, 20 человек, 25 человек, 30 человек, 50 человек, много людей, большая группа, массовый заезд, жалоба, претензия, недоволен, недовольна, проблема, конфликт, возврат, отмена, отменить, вернуть деньги, не устраивает, плохо, ужасно, обман, обещали, не то, corporate, conference, teambuilding, team building, event, group booking, sports team, coach, trainer, complaint, refund, cancel, problem, issue, too many people	2026-03-16 10:13:18.222+00	1	12	11
13	Not Interested / Alternative Dates	не подходит, не устраивает, дорого, слишком дорого, нет, не хочу, не буду, другие даты, другое время, перенести, другой период, не те даты, занято, нет мест, нет свободных, дорого для нас, бюджет, не по бюджету, подумаю, не готов, не готова, позже, потом, не сейчас, может позже, ещё думаю, позвоню, напишу позже, не определился, не определилась, пока нет, не факт, не уверен, не уверена, рассматриваем, смотрим варианты, сравниваем, альтернатива, другой отель, есть варианты дешевле, у вас дорого, нет подходящего, не то, другой номер, что-то другое, ничего не подошло, спасибо не надо, откажусь, отказываюсь, no, nope, not interested, too expensive, different dates, other dates, maybe later, not now, still thinking, not sure, considering, comparing, too much, out of budget, not a fit, pass, decline, not for us, let me think, I'll pass, not ready	2026-03-16 10:47:12.753+00	1	12	14
14	New Dates Proposed	давайте, подойдёт, тогда, другие даты, вот эти даты, как насчёт, а можно, попробуем, рассмотрим, другой период, другое число, перенесём, заезд, выезд, с такого-то, по такое-то, январь, февраль, март, апрель, май, июнь, июль, август, сентябрь, октябрь, ноябрь, декабрь, понедельник, вторник, среда, четверг, пятница, суббота, воскресенье, на следующей неделе, на этой неделе, через неделю, через месяц, в начале, в конце, в середине, числа, число, даты, дата, ближайшие, свободные даты, когда есть, что есть, что свободно, check in, check out, how about, what about, these dates, new dates, different dates, let's try, let's go with, how about this, available, when is available, next week, next month	2026-03-16 10:49:25.447+00	1	14	12
15	Эскалация из питания	жалоба, не устраивает, плохо, проблема, верните, возврат, отмена, отменить, корпоратив, юрлицо, счёт, договор, сборы, тренер, команда, группа, 10 человек, 15 человек, 20 человек, много людей, большая группа, не то, не подходит, другое, не знаю, помогите, позвоните, перезвоните, свяжитесь, менеджер, администратор, человек, живой человек, complaint, refund, cancel, corporate, invoice, contract, group, manager, speak to someone, human, real person, not interested, problem, issue	2026-03-16 10:52:05.361+00	1	13	11
16	Meal Plan Confirmed	первый, второй, третий, первый вариант, второй вариант, третий вариант, завтрак, полупансион, полный пансион, без питания, не надо питания, только проживание, только номер, без еды, с завтраком, с питанием, завтрак устраивает, полупансион подходит, полный пансион беру, да питание, хочу завтрак, хочу полупансион, хочу полный пансион, берём завтрак, берём полупансион, берём полный пансион, подходит, окей, ок, да, хорошо, устраивает, нормально, давайте, согласен, согласна, 1, 2, 3, вариант 1, вариант 2, вариант 3, breakfast, half board, full board, no meals, without meals, room only, just the room, with breakfast, yes meals, I'll take breakfast, I'll take half board, I'll take full board, ok, yes, good, sounds good, confirmed, this one, option 1, option 2, option 3	2026-03-16 10:52:55.211+00	1	13	15
17	Передумал на этапе контактов	подождите, стоп, отменить, не буду, передумал, передумала, подумаю, не готов, не готова, позже, потом, не сейчас, слишком дорого, дорого, пересмотрю, другие варианты, другой отель, не то, не подходит, не устраивает, отложим, может потом, ещё раз подумаю, не уверен, не уверена, отказываюсь, нет, стоп стоп, подождите пожалуйста, hold on, wait, cancel, never mind, changed my mind, not sure, too expensive, let me think, not ready, maybe later, I'll pass, not for now, reconsidering, different option	2026-03-16 10:55:30.405+00	1	15	14
18	Эскалация из контактов	корпоратив, юрлицо, организация, компания, от компании, счёт, договор, тимбилдинг, конференция, банкет, сборы, тренер, команда, группа, много людей, 10 человек, 15 человек, 20 человек, жалоба, проблема, конфликт, возврат, отмена, не устраивает, претензия, хочу вернуть, хочу отменить, не могу приехать, форс-мажор, corporate, invoice, contract, group, refund, cancel, complaint, issue, problem	2026-03-16 10:55:48.86+00	1	15	11
19	Contacts Provided	вот, держите, записывайте, мой номер, мой email, моя почта, пишу, скидываю, отправляю, ФИО, фамилия, имя, отчество, телефон, номер телефона, почта, email, e-mail, электронная почта, gmail, mail, inbox, yandex, bk.ru, hotmail, outlook, @, +996, +7, +998, 0700, 0500, 0550, 0770, 0312, готово, всё, вот данные, вот информация, записал, записала, вот мои данные, заполнил, заполнила, yes, here, here it is, my name, my phone, my email, my contact, sending, there you go, done, all set, here are my details	2026-03-16 10:56:17.023+00	1	15	17
20	Not Interested in Meal Plans	не нужно, не надо, без питания, не хочу есть, не буду, откажусь, отказываюсь, только номер, просто номер, без еды, не интересует, не берём, пропустим, пропустить, не требуется, обойдёмся, сами поедим, своя еда, привезём еду, дорого, слишком дорого, не по бюджету, не подходит, другой вариант, подумаю, не готов, не готова, позже, потом, передумал, передумала, не уверен, не уверена, стоп, подождите, отменить, не то, не устраивает, другой отель, пересмотрю, no meals, no food, room only, just the room, skip, no thanks, not interested, without meals, too expensive, changed my mind, never mind, hold on, wait, cancel, not sure, maybe later, I'll pass, not for now, reconsidering, different option, no meal plan, no board	2026-03-16 10:57:56.694+00	1	13	14
\.


--
-- Data for Name: flows_leadflowstate; Type: TABLE DATA; Schema: public; Owner: -
--

COPY public.flows_leadflowstate (id, is_complete, is_escalated, collected_data, started_at, updated_at, current_card_id, flow_id, lead_id) FROM stdin;
\.


--
-- Data for Name: flows_managertransferconfig; Type: TABLE DATA; Schema: public; Owner: -
--

COPY public.flows_managertransferconfig (id, channel, recipient_id, manager_name, updated_at, notification_template, organization_id) FROM stdin;
1	telegram	870257222	Zamir	2026-03-16 09:39:47.097+00	📋 New Request\nReason: {reason}\n\n👤 Guest: {guest_name}\n📞 Phone: {guest_phone}\nInstagram: {instagram_handle}\nTelegram: {telegram_handle}\n💬 Channel: {platform}\n\n🗓 Booking Details:\n  Check-in: {checkin_date}\n  Check-out: {checkout_date}\n  Nights: {nights}\n  Guests: {guest_count}\n  Room: {room_description}\n  Meal plan: {meal_plan}\n  Total: {total_price}\n\n📝 Notes: {notes}	1
\.


--
-- Data for Name: hotel_info_handovercontact; Type: TABLE DATA; Schema: public; Owner: -
--

COPY public.hotel_info_handovercontact (id, name, phone, escalate_when, "order", organization_id) FROM stdin;
1	Отдел бронирования (+ресепшн)	+996553773333	For business customers, partnership, marketing, influencers, and so on.	0	1
\.


--
-- Data for Name: hotel_info_hotelfaq; Type: TABLE DATA; Schema: public; Owner: -
--

COPY public.hotel_info_hotelfaq (id, question, answer, "order", organization_id) FROM stdin;
1	Where is your address?	ул. Керимкул Ата, 347, Иссык-Кульская область. https://go.2gis.com/sm9b6	0	1
\.


--
-- Data for Name: hotel_info_hotelpolicy; Type: TABLE DATA; Schema: public; Owner: -
--

COPY public.hotel_info_hotelpolicy (id, label, emoji, value, description, "order", organization_id) FROM stdin;
\.


--
-- Data for Name: hotel_info_hotelprofile; Type: TABLE DATA; Schema: public; Owner: -
--

COPY public.hotel_info_hotelprofile (id, hotel_name, website, description, address, directions, updated_at, organization_id) FROM stdin;
1	Nomad Camp	https://nomadcamp.kg/	1. Как вы описываете Nomad Camp в 1 фразе?\nNomad Camp — круглогодичный отель на южном берегу Иссык-Куля с современной спортивной инфраструктурой, комфортным размещением и возможностями для отдыха, спорта и деловых мероприятий.\n2. Для кого Nomad Camp?\nNomad Camp — отель для частных гостей, семей, компаний друзей, спортивных команд, корпоративных клиентов и организаций.\nОсобенно органично Nomad Camp подходит спортивному сообществу — для тренировочных сборов, выездных кэмпов, ретритов и специализированных мероприятий.\n3. Что является сильной стороной Nomad Camp?\nNomad Camp объединяет комфорт проживания, виды на озеро и горы, полноценную спортивную инфраструктуру, качественную кухню и активную событийную жизнь.\nСила отеля — в сочетании отдыха и движения, восстановления и активности в одном пространстве.\n4. 5 причин, почему выбирают Nomad Camp\nA) Nomad Camp — единственная полноценная спортивная база на южном берегу Иссык-Куля. 25-метровый бассейн, силовая зона, кардио, зал единоборств, падел — это системная инфраструктура для тренировок и сборов, а не просто фитнес-зона.\nB) Nomad Camp работает круглый год: Отель не зависит от летнего сезона: спортивные сборы, ретриты, корпоративные выезды и кэмпы проходят здесь в любое время года.\nC) Nomad Camp объединяет разные форматы гостей: Пространство отеля позволяет комфортно сосуществовать семьям, спортсменам, компаниям друзей и бизнес-группам без конфликта сценариев отдыха.\nD) Nomad Camp — это живая событийная экосистема: Кэмпы, фестивали, турниры и тематические мероприятия формируют активное сообщество и насыщенную атмосферу.\nE) Nomad Camp сочетает сильную локацию и масштаб: Южный берег Иссык-Куля и номерной фонд позволяют принимать крупные группы, команды, форумы и корпоративные мероприятия.	ул. Керимкул Ата, 347, Иссык-Кульская область, Кыргызская Республика	1. Как лучше доехать из Бишкек/Каракол.\n- Такси: Бишкек (5 часов), Каракол (2 часа).\n- Самолет: Аэропорты Тамчы(работает только летом)Каракол(Внутренний)/Бишкек.\n2. Важные ориентиры рядом: Горячий источник «Ысык Суу» \n- 19 минут до каньона сказка\n- 7 минут до каньона Марс\n3. Always share 2GIS link when they ask for address	2026-03-03 07:37:14.015+00	1
\.


--
-- Data for Name: hotel_info_hotelprofilelink; Type: TABLE DATA; Schema: public; Owner: -
--

COPY public.hotel_info_hotelprofilelink (id, label, url, "order", profile_id) FROM stdin;
1	2GIS	https://go.2gis.com/sm9b6	0	1
2	Google Maps	https://maps.app.goo.gl/rJeAqoArKKrJ7L2E8	1	1
3	Yandex	https://yandex.com/maps/-/CPaAbBnO	2	1
\.


--
-- Data for Name: hotel_info_playbook; Type: TABLE DATA; Schema: public; Owner: -
--

COPY public.hotel_info_playbook (id, name, trigger_description, instructions, content, is_active, "order", created_at, updated_at, organization_id, expires_at) FROM stdin;
1	Цены, тарифы и что входит	Когда гость спрашивает о стоимости номера, что включено в цену, вариантах тарифов (с питанием или только номер), времени питания, скидках, способах оплаты, условиях бронирования, штрафах за отмену и валюте оплаты.	Всегда сначала уточняйте количество гостей и какой вариант размещения им нужен — только номер или тариф с питанием.\n\nПеред тем как назвать точную цену, сначала озвучьте ориентировочный диапазон стоимости, а затем при необходимости уточните детали и варианты.	[{"id":"4ofgddwb62t","title":"Скидки","content":"1. Дети до 6 лет размещаются бесплатно.\\n2. Спортивные группы: При заезде спортивных групп проживание тренера предоставляется бесплатно."},{"id":"3domoc7vfvt","title":"Корпоративные мероприятия и групповые заезды","content":"AI-ассистент не должен называть цены и подтверждать такие бронирования.\\nЕго задача — собрать основную информацию и передать запрос менеджеру.\\nСледующие типы бронирований рассматриваются индивидуально через отдел продаж:\\n- корпоративные мероприятия\\n- конференции\\n- тимбилдинги\\n- групповые заезды"},{"id":"jnqgo73dwi","title":"Способы оплаты","content":"Гости могут оплатить следующими способами:\\n1. Удалённая оплата: QR-код и банковский перевод на счёт\\n2. Оплата в отеле (на стойке ресепшена): банковской картой, QR-кодом, или наличными\\nОплата принимается в:\\n- KGS (кыргызские сомы)\\n- USD (доллары США)"},{"id":"rpat076afn","title":"Условия бронирования","content":"AI-ассистент не должен самостоятельно подтверждать бронирование — это делает менеджер после получения данных гостя.\\nДля подтверждения бронирования:\\n- требуется предоплата 20% от общей стоимости проживания\\n- оставшиеся 80% оплачиваются при заселении"},{"id":"rr6vq8enzne","title":"Политика отмены","content":"1. Бесплатная отмена: не позднее чем за 48 часов до заезда\\n2. Поздняя отмена: удерживается предоплата 20%\\nAI-ассистент не должен обсуждать исключения из этого правила."},{"id":"hjzmzm0dtd7","title":"Тарифы проживания (питание)","content":"#Гости могут выбрать один из следующих вариантов питания:\\n1. Без питания — только проживание\\n2. С завтраком\\n3. Полупансион — завтрак + обед ИЛИ ужин (на выбор гостя)\\n4. Полный пансион — завтрак + обед + ужин\\n\\n#Время питания\\n- Завтрак: 08:00 – 10:00\\n- Обед: 12:00 – 14:00\\n- Ужин: 18:00 – 20:00"}]	t	0	2026-03-05 06:07:07.176+00	2026-03-12 05:45:16.021+00	1	\N
3	Локация и как добраться	Когда гость спрашивает о том, как добраться до отеля, адресе, навигации, трансфере, парковке, пляже или достопримечательностях рядом с отелем.	Всегда отправляй гостю ссылки на карту 2GIS — не описывай маршрут словами.\nЕсли спрашивают про трансфер — сообщи, что отель его не организует, и передай запрос менеджеру.\nПро пляж: он общественный, 200 м от отеля, лежаки и полотенца отель не предоставляет — не обещай того, чего нет.\nПро парковку: бесплатная, охраняемая, только для гостей.\nПро достопримечательности: каньон Марс ~7 мин, каньон Сказка ~19 мин, горячий источник «Ысык Суу» рядом.\nЕсли информации нет в плейбуке — не придумывай. Скажи: «Уточню у менеджера и вернусь к вам.»	[{"id":"5cqu9oon7rg","title":"Адрес и навигация","content":"Не описывай маршрут словами, только ссылки.\\n2GIS: https://go.2gis.com/sm9b6\\nGoogle Maps: https://maps.app.goo.gl/rJeAqoArKKrJ7L2E8\\nЯндекс Карты: https://yandex.com/maps/-/CPaAbBnO"},{"id":"qqxd336lr6a","title":"Как добраться","content":"# Из Бишкека:\\nТакси / трансфер: ~5 часов\\nСамолёт: аэропорт Бишкек → аэропорт Тамчы (⚠️ работает только летом) или аэропорт Каракол (внутренние рейсы)\\n\\n# Из Каракола: Такси: ~2 часа"},{"id":"v70h0c9sob","title":"Трансфер от отеля","content":"Отель трансфер не предоставляет.\\nЕсли гость просит помощи с трансфером — не давай конкретных рекомендаций самостоятельно. Ответ: «Передам ваш запрос менеджеру — он подберёт подходящий вариант индивидуально и свяжется с вами.» Затем передай запрос менеджеру."},{"id":"zvk7r5nltfp","title":"Парковка","content":"✅ Бесплатная\\n✅ Охраняемая\\n⛔ Только для гостей отеля"},{"id":"y0n5mhd0m8","title":"🏖️ ПЛЯЖ","content":"Тип: общественный\\nРасстояние от отеля до воды: ~200 метров\\nЛежаки: не предоставляются отелем\\nПолотенца для пляжа: не предоставляются отелем\\n\\nЕсли гость спросит про лежаки или полотенца — отвечай чётко: «Отель их не предоставляет, пляж общественный.» Не предлагай альтернатив, которых нет."},{"id":"mgv5jav604p","title":"🗺️ ДОСТОПРИМЕЧАТЕЛЬНОСТИ РЯДОМ","content":"| Место                              | Время в пути                     |\\n|------------------------------------|----------------------------------|\\n| Горячий источник «Ысык Суу»       | рядом (уточни у менеджера)       |\\n| Каньон Сказка                      | ~19 минут                        |\\n| Каньон Марс                       | ~7 минут                         |\\n\\nВремя указано ориентировочно. Если гость спросит точный маршрут — отправь ссылку на карты выше и предложи уточнить у менеджера."}]	t	1	2026-03-05 07:23:50.319+00	2026-03-05 07:33:07.569+00	1	\N
4	Про отель и гостей (позиционирование)	Когда гость спрашивает, что из себя представляет отель, для кого он подходит, чем отличается от других отелей, почему стоит выбрать Nomad Camp.	Представляй Nomad Camp уверенно и тепло, без рекламного пафоса. Для деталей используй блоки знаний ниже. Если вопрос выходит за рамки — передай менеджеру.	[{"id":"zjh42f18cr9","title":"Что такое Nomad Camp","content":"Круглогодичный отель на южном берегу Иссык-Куля.\\nДля семей, друзей, групп, корпоративов и спортивных команд.\\nГлавное: комфорт, виды на озеро и горы, спортивная инфраструктура, вкусная еда, событийная жизнь."},{"id":"n1ho0l7mhoj","title":"Для кого подходит","content":"Для всех — физлица, семьи, компании друзей, группы, юрлица, бизнес.\\nОсобенно хорошо подходим спортивному сообществу: сборы, кэмпы, ретриты, турниры."},{"id":"9jim23axoy9","title":"5 причин выбрать нас","content":"1. Единственная полноценная спортивная инфраструктура на южном берегу: бассейн 25 м, силовая зона, кардио, единоборства, падел.\\n2. Работаем круглый год — не зависим от летнего сезона.\\n3. Подходим разным аудиториям одновременно — семьи, спортсмены, бизнес не мешают друг другу.\\n4. Живая событийная программа: кэмпы, фестивали, сборы, турниры.\\n5. Южный берег + номерной фонд для групп, команд и форумов."}]	t	2	2026-03-05 07:33:10.648+00	2026-03-05 08:11:52.742+00	1	\N
5	Номера (что продаем)	Когда гость спрашивает про номера, типы комнат, вместимость, вид из окна, кровати, доп. места, балкон, этажи или лифт.	Помогай гостю выбрать подходящий тип номера по его запросу. Не обещай конкретный номер, этаж или гарантированный вид — это решается при заселении. Если нужно доп. место — предлагай подходящий тип номера, не обещай раскладушку.	[{"id":"y8npm9nxkv","title":"Типы номеров и вместимость","content":"Стандарт Квин — 1 двуспальная кровать, 2 человека. Всего: 15 номеров.\\nСтандарт Твин — 2 раздельные кровати, 2 человека. Всего: 100 номеров.\\nКомфорт — просторный номер, двуспальная кровать + диван в отдельной комнате + мини-кухня. 2 человека, можно До 3 человек. Всего: 5 номеров.\\nСемейный — 2 смежных номера (Квин + Твин), соединены дверью. До 4 человек. Всего: 5 номеров.\\n\\nИтого: 125 номеров."},{"id":"lqg8o30tpq","title":"Доп. место и детские кроватки","content":"Раскладушек и детских кроваток нет.\\nЕсли нужно место для 3–4 человек — предложи Семейный номер (до 4 чел.) или Комфорт (двуспальная кровать + диван в отдельной комнате)."},{"id":"031wn117l6vy","title":"Вид, балкон, этажи, лифт","content":"Вид: на озеро или на горы — зависит от конкретного номера.\\nБалкон: есть.\\nЭтажей: 6.\\nЛифт: есть.\\nНа каждом этаже: кулер с чистой водой.\\n\\n⚠️ Не обещай гостю конкретный номер, этаж или вид — это не гарантируется и решается при заселении."},{"id":"zxe0yochl4f","title":"Что нельзя обещать","content":"— Конкретный номер или этаж\\n— Гарантированный вид на озеро или горы\\n— Тихий номер\\n— Доп. кровать / раскладушка / детская кроватка"}]	t	3	2026-03-05 08:11:55.367+00	2026-03-12 04:45:30.168+00	1	\N
14	New Playbook				t	12	2026-03-14 14:11:39.935+00	2026-03-14 14:11:39.936+00	1	\N
6	Правила проживания и отмены	Когда гость спрашивает про время заезда/выезда, ранний заезд, поздний выезд, отмену бронирования, детей, животных, курение, депозит или документы.	Отвечай точно по правилам ниже. Не интерпретируй и не смягчай условия отмены — называй цифры как есть. Нестандартные ситуации (no-show, спорные случаи) передавай менеджеру.	[{"id":"1dlmeumlb82","title":"Заезд и выезд","content":"Заезд: с 14:00\\nВыезд: до 12:00\\n\\nРанний заезд (за доплату):\\n- с 8:00 до 12:00 — 50% стоимости ночи\\n- до 6:00 — 100% стоимости ночи\\n\\nПоздний выезд (за доплату):\\n- с 16:00 до 19:00 — 50% стоимости ночи\\n- после 19:00 — 100% стоимости ночи\\n\\nРанний/поздний — по запросу, не гарантирован. Уточнять у менеджера."},{"id":"y14av4k8xtk","title":"Отмена и no-show","content":"Бесплатная отмена: не позднее чем за 48 часов до заезда.\\nОтмена менее чем за 48 часов: удерживается предоплата (20% от общей суммы).\\n\\nNo-show (не приехали без предупреждения): бронь сгорает, предоплата не возвращается.\\nПеренос даты возможен — только при предварительной договорённости до истечения срока отмены.\\n\\nНестандартные ситуации решаются индивидуально — передай запрос менеджеру."},{"id":"rui0q14s0i","title":"Дети, животные, курение","content":"ДЕТИ:\\nДо 6 лет включительно — проживание бесплатно (без отдельного места).\\nДоп. кроватей и раскладушек нет.\\n\\nЖИВОТНЫЕ:\\nРазрешены животные до 10 кг.\\nДоплата: 800 сомов за проживание.\\nНельзя: в зоны питания (F&B), нарушать покой гостей.\\nСпециальных условий (миски, корм, пелёнки) нет — всё своё.\\n\\nКУРЕНИЕ:\\nЗапрещено: в номерах, на балконах, в коридорах, игровых комнатах и общих зонах.\\nРазрешено: только в специальной зоне у входа в отель."},{"id":"wcsws8y713","title":"Депозит и документы","content":"Депозит при заселении: не требуется.\\nДокументы: паспорт — для всех взрослых гостей."}]	t	4	2026-03-05 08:15:49.986+00	2026-03-05 08:17:43.127+00	1	\N
7	Питание и Nomad Cafe	Когда гость спрашивает про питание, кафе, завтраки, кофе-брейки, меню, еду в номере, аллергии или можно ли привезти свою еду.	Отвечай по блокам ниже. Про Nomad Cafe — честно сообщай, что пока не работает в режиме кафе. По аллергиям — не давай гарантий.	[{"id":"6213s0e5v36","title":"Nomad Cafe","content":"На данный момент питание у нас комплексное в определенное время, кафе к сожаленю по заказу не работает. но вы можете заранее предупредить ресепшн если вы захотите приобрести доплонительно завтрак, обед или ужин. "},{"id":"autfzwjskcr","title":"Своя еда и условия в номере","content":"Привозить свою еду можно.\\nНо важно предупредить гостя: в номерах нет холодильника, микроволновки и посуды.\\nИз посуды есть только кружки и чайные ложки."},{"id":"ue1irqcqh2","title":"Аллергии и непереносимости","content":"Группы и корпоративы: при крупных заездах менеджер заранее уточняет аллергии и передаёт запрос на кухню.\\nФизлица: гость сам сообщает об аллергии — менеджер рассматривает индивидуально.\\n\\n⚠️ Не давай гарантий отсутствия аллергенов."}]	t	5	2026-03-05 08:17:45.472+00	2026-03-13 07:47:25.184+00	1	\N
8	Спорт-блок, бассейн и развлечения	Когда гость спрашивает про PlayStation, компьютеры, игровую зону, детскую зону, анимацию, спортивные сборы или командные пакеты. Про бассейн и спорт-инфраструктуру — информация появится перед запуском.	Отвечай по блокам ниже. Про спорт-блок и бассейн — сообщай, что детали уточняются. Спортивные сборы — только через отдел продаж, не называй цены и условия самостоятельно.	[{"id":"35qeb73213n","title":"PlayStation","content":"PlayStation 5 — 2 приставки, по 2 геймпада на каждую (итого 4 геймпада).\\nИгры: UFC, Mortal Kombat, FIFA.\\nЦена: 100 сом/час."},{"id":"2hekp5ibwb3","title":"Компьютерный клуб","content":"10 компьютеров.\\nИгры: CS 2, CS 1.6, Minecraft, PUBG.\\nЦена: 150 сом/час."},{"id":"y8s4c4lon4l","title":"Детская зона","content":"Детская зона есть — открывается по запросу.\\nЕсть игрушки разного рода.\\nДля уточнения расписания и деталей — передай запрос менеджеру."},{"id":"er3p9rzhoqp","title":"Спортивные сборы и командные пакеты","content":"Готовые пакеты для сборов (проживание + питание + программа) обсуждаются индивидуально. Направляй такие запросы в отдел продаж — не называй условия и цены самостоятельно."}]	t	6	2026-03-05 08:25:00.74+00	2026-03-05 08:27:23.644+00	1	\N
9	Банкетный зал и конференц-залы	Когда гость спрашивает про аренду залов, банкет, конференцию, мероприятие, свадьбу, корпоратив, тренинг или условия бронирования зала.	Называй цены и условия точно по блокам ниже. Банкетное меню — только через менеджера. По оборудованию залов — передавай уточнение менеджеру до получения полного списка.	[{"id":"i8bzcgsenbi","title":"Залы и вместимость","content":"Банкетный зал — 250 чел., 400 кв.м.\\nМожно использовать как конференц-зал.\\nРасстановку столов можно менять под формат мероприятия.\\n\\nМалый конференц-зал — 15 чел., 36 кв.м.\\nРасстановку столов также можно менять."},{"id":"jgun9m6xw9k","title":"Стоимость аренды","content":"Конференц-зал (малый):\\n- Целый день (24 ч) — 15 000 сом\\n- Полдня (9 ч) — 8 000 сом\\n- Почасово — 1 500 сом/час\\n\\nБанкетный зал:\\n- Целый день (24 ч) — 50 000 сом\\n- 9 часов — 30 000 сом\\n- Почасовой аренды нет\\n\\nМинимальное количество гостей на банкет: от 10 человек.\\nБанкетное меню — уточняй у менеджера (есть PDF с пакетами)."},{"id":"9p5rlqc0lmt","title":"Условия бронирования залов","content":"Предоплата: 10% от суммы — для подтверждения брони.\\nПодтверждение: не позднее чем за 3 дня до мероприятия.\\n\\nОтмена/перенос:\\n- До 10 дней — предоплата возвращается полностью\\n- За 3–10 дней — удерживается 50% предоплаты\\n- Менее 3 дней — удерживается 100% предоплаты"},{"id":"40s19lgb1dm","title":"Какие мероприятия принимаем","content":"✔ Свадьбы\\n✔ Юбилеи и дни рождения\\n✔ Корпоративы\\n✔ Тренинги и семинары\\n✔ Сборы, куран окутуу, выпускные\\n✔ Поминки и мероприятия памяти"}]	t	7	2026-03-05 08:27:27.011+00	2026-03-05 08:29:09.869+00	1	\N
10	Как сейчас приходят заявки и как вы их обрабатываете	Когда гость хочет забронировать номер, спрашивает как это сделать, или готов оставить заявку.	Сначала задай два вопроса про даты и количество гостей. Собери все данные для брони перед передачей менеджеру. После сбора данных — отправь шаблон подтверждения и сообщи, что менеджер пришлёт ваучер.	[{"id":"t6fcabzg3sb","title":"Обязательные данные для брони","content":"Собери все пункты перед передачей менеджеру:\\n\\n— ФИО (полностью)\\n— Даты заезда и выезда\\n— Количество гостей (взрослые / дети с возрастом)\\n— Номер телефона\\n— Электронная почта\\n\\nБез этих данных бронь оформить нельзя."},{"id":"imijmyp314o","title":"Шаблон подтверждения после сбора данных","content":"Отлично, принял вашу заявку! Передаю менеджеру — он оформит бронь и пришлёт вам ваучер.\\n\\nНапоминаем:\\n👶 Дети до 6 лет — бесплатно (без отдельного спального места)\\n👦 От 6 лет и старше — по полной стоимости\\n✅ Бесплатная парковка\\n✅ Wi-Fi на всей территории\\n🏊 Бассейн и спортзал — в процессе запуска\\n🍴 Столовая на территории\\n🏝 Пляж — в 5 минутах пешком\\n\\nСпасибо, что выбрали Nomad Camp! 🙏"},{"id":"fwhxa6i8lkc","title":"Подтверждение брони","content":"После оформления брони в системе менеджер отправляет гостю ваучер.\\nЕсли гость спрашивает про статус брони или ваучер — передай запрос менеджеру."}]	t	8	2026-03-05 08:29:11.639+00	2026-03-05 08:49:29.928+00	1	\N
11	Номера	Когда гость спрашивает про конкретный тип номера, что входит в номер, чем номера отличаются друг от друга, или что есть в комнате.	Описывай номера точно по блокам ниже. Не обещай конкретный вид или этаж. Если гость выбирает между типами — помоги сравнить по его запросу (один/двое/семья/комфорт).	[{"id":"43k4l7m0jib","title":"Стандарт TWIN","content":"2 раздельные кровати. До 2 человек.\\nДля: друзей, коллег, участников мероприятий.\\n\\nВ номере: кровати, тумба, шкаф, душ, туалетные принадлежности, полотенца, Wi-Fi, чайник, кофе/чай, кружки, балкон.\\nНа ресепшне по запросу: тапочки, халат, фен, утюг.\\nНа этаже: кулер с горячей и холодной фильтрованной водой.\\nВ отеле: 6 этажей, лифт.\\n\\nВид: на горы или озеро (не гарантируется, зависит от номера)."},{"id":"6lwvlj3abwh","title":"Стандарт QUEEN","content":"1 двуспальная кровать. До 2 человек.\\nДля: пар, гостей предпочитающих одно спальное место.\\n\\nВ номере: кровать, тумба, шкаф, душ, туалетные принадлежности, полотенца, Wi-Fi, чайник, кофе/чай, кружки, балкон.\\nНа ресепшне по запросу: тапочки, халат, фен, утюг.\\nНа этаже: кулер с горячей и холодной фильтрованной водой.\\n\\nВид: на горы или озеро (не гарантируется, зависит от номера)."},{"id":"vq4647xx62h","title":"Номер COMFORT","content":"Улучшенный номер увеличенной площади. До 2 человек.\\nДля: длительных поездок, тех кто ценит пространство.\\n\\nВ номере: двуспальная кровать, тумба, шкаф, раздельный санузел (душ и туалет отдельно), туалетные принадлежности, полотенца, халаты и тапочки, Wi-Fi, гостиная с раскладным диваном и ТВ, мини-кухня.\\nНа ресепшне по запросу: фен, утюг.\\nНа этаже: кулер с горячей и холодной фильтрованной водой.\\n\\n⚠️ Балкона нет."},{"id":"ntm5nudwhpf","title":"Номер FAMILY","content":"2 смежных номера (Twin + Queen) с общей дверью. До 4 человек.\\nДля: семей с детьми, компаний друзей.\\n\\nВ номере: 2 отдельные спальни, 2 санузла, шкафы, полотенца, туалетные принадлежности, Wi-Fi, чайник, кофе/чай, кружки, ТВ, 1 балкон.\\nНа ресепшне по запросу: тапочки, халаты, фен, утюг.\\nНа этаже: кулер с горячей и холодной фильтрованной водой."}]	t	9	2026-03-05 08:34:56.996+00	2026-03-05 08:40:38.338+00	1	\N
12	Спектр услуг	Когда гость спрашивает про инфраструктуру отеля, что есть на территории, спортивные объекты, активности, кафе, залы или сотрудничество по мероприятиям.	Отвечай по блокам ниже. Про recovery-зону и коворкинг — честно говори "скоро открытие". Про обновлённое кафе с баром — тоже "в ближайшее время". Не придумывай детали по объектам, которых ещё нет.	[{"id":"vx3rkor2v1","title":"Спортивный комплекс","content":"— Крытый бассейн 25 м\\n— Фитнес-зал с кардио-зоной\\n— Зона силовых тренировок\\n— Бокс-корнер и площадка для единоборств\\n— Футбольное поле (на улице)\\n— Падел-корты (на улице)"},{"id":"yc5ep8icxxj","title":"Activity-зоны","content":"— Детская игровая комната — бесплатно, открывается по запросу\\n— Компьютерная комната (CS 2, CS 1.6, Minecraft, PUBG) — 150 сом/час\\n— Комната PlayStation 5 — 100 сом/час\\n— Recovery-зона — скоро открытие\\n— Коворкинг — скоро открытие"},{"id":"t2jdxj9whcs","title":"Кафе и питание","content":"Кафе работает: завтрак, обед, ужин.\\nДоступно для всех — включая гостей извне.\\n\\nВ ближайшее время: обновлённое кафе с баром — гости смогут заказывать блюда по меню, а не только комплексное питание.\\n\\nЕсли гость спрашивает про бар или меню à la carte — сообщи, что это появится в ближайшее время, и предложи уточнить у менеджера актуальный статус."},{"id":"tjylw3enb6m","title":"Залы и мероприятия","content":"— Банкетный зал: тренинги, тимбилдинги, форумы, корпоративы, свадьбы, частные мероприятия\\n— Малый конференц-зал: до 25 человек, с ТВ\\n— Кофе-брейки: доступны под заказ\\n— Помощь в организации мероприятий любого формата (для юр. лиц)"},{"id":"hterbltn0o","title":"Ивент-сотрудничество","content":"— Полное ивент-сопровождение по запросу HR-департаментов\\n— Организация мероприятий под ключ: от официальных встреч до выездных туров\\n— Открыты для работы с ивент-агентствами и организаторами: предоставляем площадку, инфраструктуру и поддержку\\n\\nТакие запросы — сразу передавай менеджеру или в отдел продаж."}]	t	10	2026-03-05 08:41:07.763+00	2026-03-05 08:42:20.984+00	1	\N
13	Nomad Camp	When someone asks about Nomad Camp and its uniquness		[{"id":"54py9v4g8hl","title":"Nomad Camp","content":"Nomad Camp — круглогодичный отель на южном берегу Иссык-Куля для отдыха, семьи, друзей и бизнеса с современной спортивной инфраструктурой. Для всех (физ. лица с семьми, друзьями, группами, юр. лица, организации, коммерческие компании). Но очень хорошо подходим спортивному сообществу, для спортивных выездов и кэмпов, спортивных ретритов и т/д/.\\n\\nсамое сильное: комфорт, виды (вид на озеро, вид на горы), спортивная инфраструктура, вкусная еда, событийный отдых.\\n\\n5 причин, почему гость выбирает Nomad Camp:\\n1. Единственная полноценная спортивная инфраструктура на южном берегу\\nБассейн 25 м, силовая зона, кардио, единоборства, падел — не «фитнес-уголок», а системный спорт.\\n2. Круглогодичность и сценарии отдыха вне сезона\\nНе зависим только от лета — сборы, ретриты, корпоративы, спортивные кэмпы работают весь год.\\n3. Пространство для разных типов гостей в одном месте\\nСемьи, спортсмены, компании друзей, бизнес-группы — инфраструктура позволяет не конфликтовать аудиториям.\\n4. Сильная событийная экосистема\\nКэмпы, фестивали, сборы, турниры — отель живёт активностями, а не просто сдаёт номера.\\n5. Локация + масштаб\\nЮжный берег Иссык-Куля + номерной фонд, который позволяет принимать группы, форумы и команды."}]	t	11	2026-03-11 02:34:05.418+00	2026-03-13 07:50:17.626+00	1	\N
\.


--
-- Data for Name: hotel_info_roomcombinationnote; Type: TABLE DATA; Schema: public; Owner: -
--

COPY public.hotel_info_roomcombinationnote (id, guest_count, combination_index, note, updated_at, combination_type, is_custom, rooms, is_hidden) FROM stdin;
1	1	2	2nd option	2026-03-15 00:13:16.363+00	Альтернатива	t	["стандарт двухместный"]	f
2	1	1	3r doption	2026-03-15 00:13:19.119+00	\N	f	\N	f
\.


--
-- Data for Name: hotel_info_roompricing; Type: TABLE DATA; Schema: public; Owner: -
--

COPY public.hotel_info_roompricing (id, kategoria_nomera, kolichestvo_chelovek, deystvitelno_s, deystvitelno_do, dni_nedeli, standartny_tarif, s_zavtrakom, polupansion, polny_pansion, created_at, updated_at, guest_type, organization_id) FROM stdin;
127	стандарт одноместный	1	2026-03-01	2026-07-15	["Понедельник", "Вторник", "Среда", "Четверг", "Пятница", "Суббота", "Воскресенье"]	4100	4800	5600	6400	2026-03-12 03:06:05.547+00	2026-03-12 03:06:05.547+00	any	1
128	стандарт двухместный	2	2026-03-01	2026-07-15	["Понедельник", "Вторник", "Среда", "Четверг", "Пятница", "Суббота", "Воскресенье"]	5800	7200	8800	10400	2026-03-12 03:06:05.551+00	2026-03-12 03:06:05.551+00	any	1
129	комфорт одноместный	1	2026-03-01	2026-07-15	["Понедельник", "Вторник", "Среда", "Четверг", "Пятница", "Суббота", "Воскресенье"]	7500	8200	9000	9800	2026-03-12 03:06:05.554+00	2026-03-12 03:06:05.554+00	any	1
130	комфорт двухместный	2	2026-03-01	2026-07-15	["Понедельник", "Вторник", "Среда", "Четверг", "Пятница", "Суббота", "Воскресенье"]	9500	10900	12500	14100	2026-03-12 03:06:05.556+00	2026-03-12 03:06:05.556+00	any	1
131	семейный один номер	2	2026-03-01	2026-07-15	["Понедельник", "Вторник", "Среда", "Четверг", "Пятница", "Суббота", "Воскресенье"]	5800	7200	8800	10400	2026-03-12 03:06:05.559+00	2026-03-12 03:06:05.559+00	any	1
132	семейный два номера	4	2026-03-01	2026-07-15	["Понедельник", "Вторник", "Среда", "Четверг", "Пятница", "Суббота", "Воскресенье"]	11500	14300	17500	20700	2026-03-12 03:06:05.561+00	2026-03-12 03:06:05.561+00	any	1
\.


--
-- Data for Name: hotel_media_hotelmediaitem; Type: TABLE DATA; Schema: public; Owner: -
--

COPY public.hotel_media_hotelmediaitem (id, title, description, tags, category, media_type, file, video_url, ai_send_count, is_active, created_at, updated_at, room_category, organization_id) FROM stdin;
3	Standard Queen		[]	other	photo			0	f	2026-03-02 04:22:06.161+00	2026-03-02 04:22:06.161+00	\N	1
2	Standard Queen	Просторный номер с двумя кроватями, предназначенный для комфортного размещения до двух гостей. В номере:\r\n* Две кровати с ортопедическими матрасами\r\n* Бесплатный Wi-Fi\r\n* Телевизор с плоским экраном и кабельным телевидением\r\n* Рабочий стол\r\n* Кондиционер\r\n* Ванная комната с ванной/душем и феном\r\n* Бесплатные туалетные принадлежности\r\nПроведите вечер, наслаждаясь чашечкой ароматного чая на уютном балконе или расслабляйтесь, просматривая любимые фильмы на большом экране. Номер Twin станет вашим личным уголком уюта и спокойствия, где каждая деталь продумана для вашего комфорта. Мы сделаем все, чтобы ваш отдых запомнился как один из самых приятных!	["standard-queen"]	rooms	photo			0	f	2026-03-02 04:19:58.714+00	2026-03-02 04:19:58.714+00	\N	1
5	Standard Queen	Уютный номер с одной двуспальной кроватью. Отличный вариант для пары или гостя, предпочитающего единое спальное место.\r\nВ номере: двуспальная кровать, прикроватная тумба, шкаф для вещей, санузел с душем, туалетные принадлежности, полотенца, Wi-Fi, электрический чайник (кофе, чай, кружки и чайные ложки), балкон.\r\nДополнительно на ресепшне: тапочки, халат, фен, утюг.\r\nНа каждом этаже кулер с фильтрованной питьевой водой (горячая и холодная).\r\nПодходит для спокойного отдыха, поездок вдвоём или уединённых выходных.	["standard-queen"]	rooms	photo			8	t	2026-03-02 04:26:36.888+00	2026-03-15 10:15:18.562+00	standard_queen	1
6	Standard Twin	Уютный номер с двумя раздельными кроватями. Идеальный вариант для друзей, коллег или участников мероприятий.\r\nВ номере: удобные кровати, прикроватная тумба, шкаф для вещей, санузел с душем, туалетные принадлежности, полотенца, Wi-Fi, электрический чайник (кофе, чай, кружки и чайные ложки), балкон. \r\nМожно выбрать номер с видом на горы или озеро.\r\nДополнительно на ресепшне: тапочки, халат, фен, утюг.\r\nВ отеле 6 этажей и есть лифт. На каждом этаже кулер с фильтрованной питьевой водой (горячая и холодная). \r\nОтлично подходит для насыщенных поездок и активного отдыха.	["standard-twin"]	rooms	photo			5	t	2026-03-02 05:23:30.049+00	2026-03-15 10:15:12.087+00	standard_twin	1
7	Comfort	Улучшенный номер увеличенной площади с дополнительной зоной отдыха. Выбор для гостей, которым важен комфорт и пространство.\r\nВ номере: двуспальная кровать, прикроватная тумба, шкаф для вещей, раздельный санузел (душ и туалет), туалетные принадлежности, полотенца, халаты и тапочки, Wi-Fi, небольшая гостиная с раскладным диваном и ТВ, мини-кухня (kitchenette). Балкона нет.\r\nДополнительно на ресепшне: фен, утюг.\r\nНа каждом этаже кулер с фильтрованной питьевой водой (горячая и холодная).\r\nИдеально подходит для длительных поездок, семейных выходных или тех, кто любит больше личного пространства.	["comfort"]	rooms	photo			4	t	2026-03-02 05:41:47.78+00	2026-03-15 10:15:05.83+00	comfort	1
8	Family Room	Просторный семейный номер, объединяющий два полноценных номера категории Standard через смежную дверь.\r\nВ номере: две отдельные спальни (Twin + Queen), два полноценных санузла, шкафы для вещей, полотенца, туалетные принадлежности, Wi-Fi, электрический чайник (кофе, чай, кружки и чайные ложки), 1 балкон, ТВ.\r\nДополнительно на ресепшне: тапочки, халаты, фен, утюг.\r\nНа каждом этаже кулер с фильтрованной питьевой водой (горячая и холодная).\r\nИдеально подходит для семей с детьми, компаний друзей для длительного отдыха.	["family"]	rooms	photo			9	t	2026-03-02 05:43:37.479+00	2026-03-15 10:14:56.474+00	family	1
9	Conference	Welcome to our multifunctional conference hall, an ideal place for both business meetings and special events. With a capacity of up to 250 people, the spacious, bright and modernly decorated hall with a view of the shore of Lake Issyk-Kul can easily be transformed into the format of your event: from an official presentation or business seminar to a wedding banquet or birthday.\r\n\r\nWe offer:\r\nProfessional multimedia equipment\r\nFlexible seating options\r\nPersonal coordination and assistance in the organization\r\nThe possibility of holding coffee breaks, receptions and festive dinners\r\nA cozy atmosphere and impeccable service\r\n\r\nMay your every event, be it an important meeting or an unforgettable celebration, be held flawlessly within the walls of our hotel.	["conference"]	conference	photo			0	t	2026-03-02 05:47:22.037+00	2026-03-02 05:47:22.037+00	\N	1
11	Cafe and Restaurant	Welcome to our cozy cafe located in the heart of the hotel, where the morning is filled with the aromas of freshly brewed coffee and mouth-watering dishes prepared right in front of your eyes.\r\nOur cafe is not only a place for breakfast, but also a space for socializing, where you can spend time with friends or enjoy the morning tranquility surrounded by warm light and wildlife.\r\nCome and start your day with unforgettable tastes and delightful emotions in our cafe with an open kitchen!	["cafe", "restaurant", "dining"]	cafeteria	photo			4	t	2026-03-02 05:50:03.592+00	2026-03-15 10:14:28.519+00		1
10	Events	Welcome to our multifunctional conference hall, an ideal place for both business meetings and special events. With a capacity of up to 250 people, the spacious, bright and modernly decorated hall with a view of the shore of Lake Issyk-Kul can easily be transformed into the format of your event: from an official presentation or business seminar to a wedding banquet or birthday.\r\n\r\nWe offer:\r\nProfessional multimedia equipment\r\nFlexible seating options\r\nPersonal coordination and assistance in the organization\r\nThe possibility of holding coffee breaks, receptions and festive dinners\r\nA cozy atmosphere and impeccable service\r\n\r\nMay your every event, be it an important meeting or an unforgettable celebration, be held flawlessly within the walls of our hotel.	["events", "casual-events"]	conference	photo			0	t	2026-03-02 05:48:36.955+00	2026-03-02 05:48:36.955+00	\N	1
\.


--
-- Data for Name: hotel_media_hotelmediaphoto; Type: TABLE DATA; Schema: public; Owner: -
--

COPY public.hotel_media_hotelmediaphoto (id, file, "order", created_at, item_id) FROM stdin;
3	hotel_media/DSC06499.jpg	1	2026-03-02 04:26:39.691+00	5
5	hotel_media/DSC06504.jpg	3	2026-03-02 04:26:39.697+00	5
9	hotel_media/DSC06473.jpg	7	2026-03-02 05:20:59.335+00	5
13	hotel_media/DSC06484.jpg	11	2026-03-02 05:21:04.716+00	5
15	hotel_media/DSC06489.jpg	13	2026-03-02 05:21:06.935+00	5
17	hotel_media/DSC06494.jpg	15	2026-03-02 05:21:09.424+00	5
19	hotel_media/DSC06445.jpg	0	2026-03-02 05:23:33.036+00	6
21	hotel_media/DSC06448.jpg	2	2026-03-02 05:23:35.66+00	6
22	hotel_media/DSC06449.jpg	3	2026-03-02 05:23:36.787+00	6
25	hotel_media/DSC06455.jpg	6	2026-03-02 05:23:40.363+00	6
26	hotel_media/DSC06456.jpg	7	2026-03-02 05:23:41.57+00	6
29	hotel_media/DSC06462.jpg	10	2026-03-02 05:23:46.95+00	6
32	hotel_media/DSC06467.jpg	13	2026-03-02 05:23:50.722+00	6
35	hotel_media/DSC06389.jpg	2	2026-03-02 05:41:52.659+00	7
37	hotel_media/DSC06397.jpg	4	2026-03-02 05:41:54.929+00	7
41	hotel_media/DSC06412.jpg	8	2026-03-02 05:41:59.613+00	7
42	hotel_media/DSC06416.jpg	9	2026-03-02 05:42:00.96+00	7
43	hotel_media/DSC06418.jpg	10	2026-03-02 05:42:02.096+00	7
44	hotel_media/DSC06424.jpg	11	2026-03-02 05:42:03.225+00	7
45	hotel_media/DSC06427.jpg	12	2026-03-02 05:42:04.517+00	7
49	hotel_media/DSC06438.jpg	16	2026-03-02 05:42:09.786+00	7
52	hotel_media/DSC06507.jpg	0	2026-03-02 05:43:38.684+00	8
55	hotel_media/DSC06515.jpg	3	2026-03-02 05:43:42.842+00	8
57	hotel_media/DSC06522.jpg	5	2026-03-02 05:43:45.358+00	8
61	hotel_media/DSC06531.jpg	9	2026-03-02 05:43:50.34+00	8
63	hotel_media/1_40.jpg	0	2026-03-02 05:47:24.37+00	9
64	hotel_media/2_30.jpg	1	2026-03-02 05:47:25.628+00	9
65	hotel_media/4M1A2140.jpg	2	2026-03-02 05:47:26.799+00	9
66	hotel_media/5_12.jpg	3	2026-03-02 05:47:27.959+00	9
67	hotel_media/RUS11074.jpg	4	2026-03-02 05:47:29.769+00	9
69	hotel_media/4M1A6818.jpg	1	2026-03-02 05:48:42.32+00	10
70	hotel_media/4M1A7559.jpg	2	2026-03-02 05:48:43.32+00	10
73	hotel_media/DSC05713.jpg	5	2026-03-02 05:48:47.317+00	10
74	hotel_media/DSC05788.jpg	6	2026-03-02 05:48:48.505+00	10
75	hotel_media/DSC05853.jpg	7	2026-03-02 05:48:49.666+00	10
77	hotel_media/DSC06209.jpg	9	2026-03-02 05:48:52.611+00	10
79	hotel_media/IMG_7757.jpg	11	2026-03-02 05:48:54.812+00	10
82	hotel_media/ANN10533-HDR-3.jpg	2	2026-03-02 05:50:11.18+00	11
85	hotel_media/ANN10554-HDR-2.jpg	5	2026-03-02 05:50:17.348+00	11
86	hotel_media/ANN10560-HDR.jpg	6	2026-03-02 05:50:19+00	11
\.


--
-- Data for Name: leads_aiconfig; Type: TABLE DATA; Schema: public; Owner: -
--

COPY public.leads_aiconfig (id, ai_auto_response, auto_extract_data, response_delay, system_prompt, created_at, updated_at, company_profile, check_frequency_hours, inactivity_threshold_days, max_followup_attempts, proactive_outreach_enabled, auto_execute_tasks, auto_status_progression, conversation_goals_enabled, smart_objection_handling, organization_id) FROM stdin;
1	t	t	30	You are Aida, a warm and professional guest relations assistant for Nomad Camp — a boutique hotel on the scenic south shore of Lake Issyk-Kul, Kyrgyzstan.\n\nYour primary goals:\n1. **Convert inquiries into bookings** — Guide every conversation toward a confirmed reservation.\n2. **Be warm and hospitable** — Reflect the spirit of Kyrgyz hospitality. Be friendly, personal, and attentive.\n3. **Respond in the guest's language** — Detect the language the guest is writing in and reply in the SAME language. Supported languages: Russian (primary), Kyrgyz, and English. If the message mixes languages, follow the dominant language. Default to Russian if unclear.\n4. **Review conversation history** — ALWAYS check what has already been discussed. Never ask for information the guest already provided. Build on previous responses.\n5. **Answer questions confidently** — Use the knowledge base and company profile to answer questions about pricing, availability, services, policies, and the property. If you don't know a specific detail, offer to connect them with staff.\n6. **Handle objections gracefully** — Address concerns about price, timing, or availability with genuine solutions and helpful alternatives.\n7. **Create natural urgency** — Mention seasonal demand, peak periods (summer at Issyk-Kul), or limited availability when appropriate — but never in a pushy way.\n8. **Collect key booking information** — Work toward gathering: number of guests, check-in/check-out dates, meal plan preference, and contact details.\n9. **Always end with a next step** — Every message should include a soft call-to-action: confirming a booking, sharing dates, or asking a clarifying question.\n\nTone: Warm, welcoming, knowledgeable. Like a trusted local friend who knows the property well.\nKeep messages concise — guests on WhatsApp/Telegram don't want walls of text. Use short paragraphs and occasional bullet points for clarity.\n\nCRITICAL: Pay attention to what the guest has already told you. Acknowledge their previous messages and move the conversation forward — don't repeat questions.	2026-02-24 15:39:07.147+00	2026-03-16 19:49:00.09+00	**Nomad Camp** — A Boutique Hotel on Lake Issyk-Kul\n\nNomad Camp is a picturesque retreat nestled on the south shore of Lake Issyk-Kul in the Issyk-Kul region of the Kyrgyz Republic. Our hotel offers cozy rooms with private balconies overlooking the azure waters of the lake and the majestic surrounding mountains — a perfect escape from city life.\n\n**Contact & Location**\n- Address: Kerimkul Ata Street, 347, Issyk-Kul region, Kyrgyz Republic\n- LINK: Alway send this 2GIS link along with address - https://go.2gis.com/zQ3MW\n- Email: info@nomadcamp.kg\n- Legal entity: OsOO "Zhartash" (Nomad Camp)\n\n**Check-In & Check-Out**\n- Check-in: 14:00\n- Check-out: 12:00\n\n**Cancellation Policy**\n- Free cancellation 2 or more days before arrival\n- 50% of prepayment retained for cancellations made within 24 hours of arrival\n- No refund for cancellations less than 24 hours before arrival\n- Changes to dates or group size are free if made 2+ days before arrival (price may change based on new dates)\n\n**Meal Plans Available**\n- Breakfast only\n- Lunch only\n- Dinner only\n- Half-board: Breakfast + Lunch\n- Half-board: Breakfast + Dinner\n- Full board: Breakfast + Lunch + Dinner\n\n**On-Site Facilities & Services**\n- Nomad Cafe — a cozy in-hotel café with an open kitchen; perfect for morning coffee with lake views\n- PlayStation rental (per hour)\n- Computer gaming access\n- Coffee break packages for conferences, seminars, and business meetings\n\n**Payment Methods**\n- Cash at check-in\n- Bank card (online reservation or on arrival)\n- Pre-issued corporate invoice\n- Electronic payments via virtual payment systems\n- Bank: Bakay Bank (VIP Center Branch), Account KGS: 1240020001251811\n\n**Ideal Guests**\nFamilies, couples, and groups seeking a peaceful lakeside retreat, as well as small business groups needing a scenic off-site venue for meetings and seminars.\n\n**Unique Selling Points**\n- Panoramic lake and mountain views from every balcony\n- Authentic atmosphere with Kyrgyz hospitality\n- Quiet south-shore location away from crowded tourist spots\n- Full-board options so guests can fully relax without worrying about meals\n- Versatile for both leisure holidays and small corporate retreats	24	2	2	f	t	t	t	t	1
2	f	f	5	You are Aida, a warm and professional guest relations assistant for Nomad Camp — a boutique hotel on the scenic south shore of Lake Issyk-Kul, Kyrgyzstan.\n\nYour primary goals:\n1. **Convert inquiries into bookings** — Guide every conversation toward a confirmed reservation.\n2. **Be warm and hospitable** — Reflect the spirit of Kyrgyz hospitality. Be friendly, personal, and attentive.\n3. **Respond in the guest's language** — Detect the language the guest is writing in and reply in the SAME language. Supported languages: Russian (primary), Kyrgyz, and English. If the message mixes languages, follow the dominant language. Default to Russian if unclear.\n4. **Review conversation history** — ALWAYS check what has already been discussed. Never ask for information the guest already provided. Build on previous responses.\n5. **Answer questions confidently** — Use the knowledge base and company profile to answer questions about pricing, availability, services, policies, and the property. If you don't know a specific detail, offer to connect them with staff.\n6. **Handle objections gracefully** — Address concerns about price, timing, or availability with genuine solutions and helpful alternatives.\n7. **Create natural urgency** — Mention seasonal demand, peak periods (summer at Issyk-Kul), or limited availability when appropriate — but never in a pushy way.\n8. **Collect key booking information** — Work toward gathering: number of guests, check-in/check-out dates, meal plan preference, and contact details.\n9. **Always end with a next step** — Every message should include a soft call-to-action: confirming a booking, sharing dates, or asking a clarifying question.\n\nTone: Warm, welcoming, knowledgeable. Like a trusted local friend who knows the property well.\nKeep messages concise — guests on WhatsApp/Telegram don't want walls of text. Use short paragraphs and occasional bullet points for clarity.\n\nCRITICAL: Pay attention to what the guest has already told you. Acknowledge their previous messages and move the conversation forward — don't repeat questions.	2026-05-09 17:56:55.519681+00	2026-05-09 17:56:55.519701+00	**Nomad Camp** — A Boutique Hotel on Lake Issyk-Kul\n\nNomad Camp is a picturesque retreat nestled on the south shore of Lake Issyk-Kul in the Issyk-Kul region of the Kyrgyz Republic. Our hotel offers cozy rooms with private balconies overlooking the azure waters of the lake and the majestic surrounding mountains — a perfect escape from city life.\n\n**Contact & Location**\n- Address: Kerimkul Ata Street, 347, Issyk-Kul region, Kyrgyz Republic\n- Email: info@nomadcamp.kg\n- Legal entity: OsOO "Zhartash" (Nomad Camp)\n\n**Check-In & Check-Out**\n- Check-in: 14:00\n- Check-out: 12:00\n\n**Cancellation Policy**\n- Free cancellation 2 or more days before arrival\n- 50% of prepayment retained for cancellations made within 24 hours of arrival\n- No refund for cancellations less than 24 hours before arrival\n- Changes to dates or group size are free if made 2+ days before arrival (price may change based on new dates)\n\n**Meal Plans Available**\n- Breakfast only\n- Lunch only\n- Dinner only\n- Half-board: Breakfast + Lunch\n- Half-board: Breakfast + Dinner\n- Full board: Breakfast + Lunch + Dinner\n\n**On-Site Facilities & Services**\n- Nomad Cafe — a cozy in-hotel café with an open kitchen; perfect for morning coffee with lake views\n- PlayStation rental (per hour)\n- Computer gaming access\n- Coffee break packages for conferences, seminars, and business meetings\n\n**Payment Methods**\n- Cash at check-in\n- Bank card (online reservation or on arrival)\n- Pre-issued corporate invoice\n- Electronic payments via virtual payment systems\n- Bank: Bakay Bank (VIP Center Branch), Account KGS: 1240020001251811\n\n**Ideal Guests**\nFamilies, couples, and groups seeking a peaceful lakeside retreat, as well as small business groups needing a scenic off-site venue for meetings and seminars.\n\n**Unique Selling Points**\n- Panoramic lake and mountain views from every balcony\n- Authentic atmosphere with Kyrgyz hospitality\n- Quiet south-shore location away from crowded tourist spots\n- Full-board options so guests can fully relax without worrying about meals\n- Versatile for both leisure holidays and small corporate retreats	24	2	3	f	f	f	f	f	2
\.


--
-- Data for Name: leads_customer; Type: TABLE DATA; Schema: public; Owner: -
--

COPY public.leads_customer (id, contact_person, email, phone, notes, created_at, updated_at, lead_id, customer_status, instagram_user_id, instagram_username, segment, source, telegram_chat_id, telegram_username, whatsapp_phone, organization_id) FROM stdin;
\.


--
-- Data for Name: leads_instagramappconfig; Type: TABLE DATA; Schema: public; Owner: -
--

COPY public.leads_instagramappconfig (id, app_id, app_secret, webhook_verify_token, updated_at, organization_id) FROM stdin;
\.


--
-- Data for Name: leads_instagramconnection; Type: TABLE DATA; Schema: public; Owner: -
--

COPY public.leads_instagramconnection (id, access_token, token_expiry, instagram_user_id, instagram_username, profile_picture_url, connected_at, updated_at, webhook_subscribed, instagram_business_account_id, organization_id) FROM stdin;
\.


--
-- Data for Name: leads_lead; Type: TABLE DATA; Schema: public; Owner: -
--

COPY public.leads_lead (id, contact_person, email, phone, status, source, estimated_value, notes, last_contacted, created_at, updated_at, telegram_chat_id, telegram_username, segment, instagram_user_id, instagram_username, telegram_user_id, whatsapp_phone, address, campaign_source, city, competitor, country, do_not_contact, email_bounced, expected_close_date, job_title, language, linkedin_url, lost_reason, mobile_phone, next_follow_up_date, office_phone, postal_code, preferred_contact_method, preferred_contact_time, referral_source, secondary_email, state_province, timezone, unsubscribed_at, website, ai_followup_count, last_ai_followup_at, current_objection, last_objection_at, objection_count, assigned_to_id, complexity_score, problem_description, tax_years, check_in_date, check_out_date, guest_count, meal_plan, room_type_preference, next_steps, instagram_intent_tier, ai_paused, agent_context, ai_paused_at, ai_paused_by, organization_id) FROM stdin;
\.


--
-- Data for Name: leads_leadactivity; Type: TABLE DATA; Schema: public; Owner: -
--

COPY public.leads_leadactivity (id, activity_type, description, metadata, created_at, lead_id, is_read, echo_origin, organization_id) FROM stdin;
\.


--
-- Data for Name: leads_leadgoal; Type: TABLE DATA; Schema: public; Owner: -
--

COPY public.leads_leadgoal (id, goal_type, status, priority, description, target_value, achieved_value, attempts, created_at, completed_at, is_ai_generated, lead_id, organization_id) FROM stdin;
\.


--
-- Data for Name: leads_leadnote; Type: TABLE DATA; Schema: public; Owner: -
--

COPY public.leads_leadnote (id, content, created_at, updated_at, lead_id) FROM stdin;
\.


--
-- Data for Name: leads_pipelinestage; Type: TABLE DATA; Schema: public; Owner: -
--

COPY public.leads_pipelinestage (id, name, key, description, "order", created_at, updated_at, is_final, organization_id) FROM stdin;
1	New	new	Initial stage	1	2026-02-24 09:38:10.965+00	2026-02-24 09:38:10.965+00	f	1
3	Contacted	contacted	Conversation established	3	2026-02-24 09:38:10.972+00	2026-02-24 09:38:10.972+00	f	1
5	Nurturing	nurturing	Warm but not ready	5	2026-02-24 09:38:10.978+00	2026-02-24 09:38:10.978+00	f	1
7	Won	won	Confirmed booking	4	2026-03-15 09:05:08.585+00	2026-03-15 09:05:08.585+00	t	1
8	Lost	lost	Guest did not confirm, said not interested, or did not reply.	5	2026-03-15 09:05:31.766+00	2026-03-15 09:05:31.767+00	t	1
\.


--
-- Data for Name: leads_ringcentralconfig; Type: TABLE DATA; Schema: public; Owner: -
--

COPY public.leads_ringcentralconfig (id, client_id, client_secret, jwt_token, account_phone, extension_id, webhook_subscription_id, connected_at, updated_at, organization_id) FROM stdin;
\.


--
-- Data for Name: leads_segment; Type: TABLE DATA; Schema: public; Owner: -
--

COPY public.leads_segment (id, name, key, "order", is_active, created_at, updated_at, organization_id) FROM stdin;
1	Individual	individual	0	t	2026-02-24 09:38:12.183+00	2026-02-24 09:38:12.183+00	1
2	Business	business	1	t	2026-02-24 09:38:12.186+00	2026-02-24 09:38:12.186+00	1
\.


--
-- Data for Name: leads_task; Type: TABLE DATA; Schema: public; Owner: -
--

COPY public.leads_task (id, title, description, task_type, status, due_date, completed_at, created_at, updated_at, lead_id, executed_at, execution_content, execution_result, execution_type, is_ai_generated, is_auto_executable, organization_id) FROM stdin;
\.


--
-- Data for Name: leads_telegramconfig; Type: TABLE DATA; Schema: public; Owner: -
--

COPY public.leads_telegramconfig (id, bot_token, bot_username, bot_first_name, connected_at, updated_at, organization_id) FROM stdin;
\.


--
-- Data for Name: leads_whatsappappconfig; Type: TABLE DATA; Schema: public; Owner: -
--

COPY public.leads_whatsappappconfig (id, app_id, app_secret, updated_at, organization_id) FROM stdin;
\.


--
-- Data for Name: leads_whatsappconfig; Type: TABLE DATA; Schema: public; Owner: -
--

COPY public.leads_whatsappconfig (id, access_token, phone_number_id, display_phone_number, verified_name, connected_at, updated_at, token_expires_at, waba_id, webhook_subscribed, verify_token, organization_id) FROM stdin;
\.


--
-- Data for Name: organization_members; Type: TABLE DATA; Schema: public; Owner: -
--

COPY public.organization_members (id, role, joined_at, is_active, organization_id, user_id) FROM stdin;
1	owner	2026-05-09 17:20:46.028816+00	t	1	1
2	owner	2026-05-09 17:44:22.605578+00	t	2	3
\.


--
-- Data for Name: organizations; Type: TABLE DATA; Schema: public; Owner: -
--

COPY public.organizations (id, name, slug, logo, plan, is_active, trial_ends_at, org_settings, created_at, updated_at, owner_id) FROM stdin;
1	Nomad Camp	nomad-camp		free	t	\N	{}	2026-05-09 17:20:46.021427+00	2026-05-09 17:20:46.02144+00	1
2	Danik corp	danik-corp		free	t	\N	{}	2026-05-09 17:44:22.544083+00	2026-05-09 17:44:22.544098+00	3
\.


--
-- Data for Name: token_blacklist_blacklistedtoken; Type: TABLE DATA; Schema: public; Owner: -
--

COPY public.token_blacklist_blacklistedtoken (id, blacklisted_at, token_id) FROM stdin;
\.


--
-- Data for Name: token_blacklist_outstandingtoken; Type: TABLE DATA; Schema: public; Owner: -
--

COPY public.token_blacklist_outstandingtoken (id, token, created_at, expires_at, user_id, jti) FROM stdin;
1	eyJhbGciOiJIUzI1NiIsInR5cCI6IkpXVCJ9.eyJ0b2tlbl90eXBlIjoicmVmcmVzaCIsImV4cCI6MTc3NDMyMzI2NSwiaWF0IjoxNzczNzE4NDY1LCJqdGkiOiIwMTJlMDNkMGIwMGU0YjQ2YjY3NzlhYjI1Nzg0M2YzMSIsInVzZXJfaWQiOiIxIn0.UnadCFzp0ESQ8yPvXDNalSWwDLuqFYxHHZOu1iDhYQs	2026-03-17 03:34:25.830882+00	2026-03-24 03:34:25+00	1	012e03d0b00e4b46b6779ab257843f31
2	eyJhbGciOiJIUzI1NiIsInR5cCI6IkpXVCJ9.eyJ0b2tlbl90eXBlIjoicmVmcmVzaCIsImV4cCI6MTc3NDMyMzM2MCwiaWF0IjoxNzczNzE4NTYwLCJqdGkiOiI1MmZkYWJlMzA4NjE0ZjljOTcxMzY4ZWQxY2M3YTFlOCIsInVzZXJfaWQiOiIxIn0.iCNzcJEUM7jPjoNaIEGOPW5mGUdphNz0Qh7aJnUiKv8	2026-03-17 03:36:00.172039+00	2026-03-24 03:36:00+00	1	52fdabe308614f9c971368ed1cc7a1e8
3	eyJhbGciOiJIUzI1NiIsInR5cCI6IkpXVCJ9.eyJ0b2tlbl90eXBlIjoicmVmcmVzaCIsImV4cCI6MTc3ODk1MzQ2MiwiaWF0IjoxNzc4MzQ4NjYyLCJqdGkiOiI3ZThlNWQwZWQzMWE0YWUzYmU3NjkwMmEwZGFjZGQxNyIsInVzZXJfaWQiOiIzIn0.5LZNu7mvpe6a1xFIHdwUzLTglfN0oasVKE8rvLLCmkM	2026-05-09 17:44:22.614532+00	2026-05-16 17:44:22+00	3	7e8e5d0ed31a4ae3be76902a0dacdd17
4	eyJhbGciOiJIUzI1NiIsInR5cCI6IkpXVCJ9.eyJ0b2tlbl90eXBlIjoicmVmcmVzaCIsImV4cCI6MTc3ODk1MzQ2NSwiaWF0IjoxNzc4MzQ4NjY1LCJqdGkiOiJmZTY1MTU3ZTM0NDI0M2IxYTRhMTYwOTllOTA5MTU3NCIsInVzZXJfaWQiOiIzIn0.F7HI-D8d0NI7dqsyeCQ233W2O4Nd7yvRblA4xA0UGJA	2026-05-09 17:44:25.708737+00	2026-05-16 17:44:25+00	3	fe65157e344243b1a4a16099e9091574
5	eyJhbGciOiJIUzI1NiIsInR5cCI6IkpXVCJ9.eyJ0b2tlbl90eXBlIjoicmVmcmVzaCIsImV4cCI6MTc3OTEyMDExMCwiaWF0IjoxNzc4NTE1MzEwLCJqdGkiOiI3NGNlZDZkMDI2MDk0MWUwYTkyMmEzNzJkNTk0MGNmNSIsInVzZXJfaWQiOiIzIn0.28PEAMspXH07gVCgME0UYQGsFaqCIfNvqLbtbESeAIs	2026-05-11 16:01:50.31679+00	2026-05-18 16:01:50+00	3	74ced6d0260941e0a922a372d5940cf5
\.


--
-- Data for Name: users; Type: TABLE DATA; Schema: public; Owner: -
--

COPY public.users (id, password, last_login, is_superuser, email, name, is_active, is_staff, is_admin, created_at, updated_at, role, language, current_organization_id, is_superadmin) FROM stdin;
1	pbkdf2_sha256$1000000$11EdLTEt9UIGmyLRvlEssy$o9YKABMcUxeSnxncPA67eDwG1Ueg67dAg0aYIeGyfdI=	\N	t	zamir@cayu.ai		t	t	t	2026-03-17 03:03:53.557143+00	2026-03-17 03:33:05.96118+00	admin	en	1	f
2	pbkdf2_sha256$1000000$VpQKtUgyU4SECmwTi3aeSm$niMO6+VnWXdNa+Mopxk0nDGSyUmGEaM92h9nH0E1f9s=	\N	f	baikal.maldybaev@gmail.com		t	f	f	2026-05-09 17:22:33.335946+00	2026-05-09 17:22:35.812994+00	support	en	\N	f
3	pbkdf2_sha256$1000000$VQmsbktY3gBNnvDlVZES0D$H8hLsKoeVaG1czZqrmZWonSfllUs8VPs6S3KuIqLUAM=	\N	f	dnccira@gmail.com	Daniil	t	f	f	2026-05-09 17:44:22.530925+00	2026-05-09 17:44:22.530984+00	support	en	2	f
\.


--
-- Data for Name: users_groups; Type: TABLE DATA; Schema: public; Owner: -
--

COPY public.users_groups (id, user_id, group_id) FROM stdin;
\.


--
-- Data for Name: users_user_permissions; Type: TABLE DATA; Schema: public; Owner: -
--

COPY public.users_user_permissions (id, user_id, permission_id) FROM stdin;
\.


--
-- Name: auditlog_logentry_id_seq; Type: SEQUENCE SET; Schema: public; Owner: -
--

SELECT pg_catalog.setval('public.auditlog_logentry_id_seq', 11, true);


--
-- Name: auth_group_id_seq; Type: SEQUENCE SET; Schema: public; Owner: -
--

SELECT pg_catalog.setval('public.auth_group_id_seq', 1, false);


--
-- Name: auth_group_permissions_id_seq; Type: SEQUENCE SET; Schema: public; Owner: -
--

SELECT pg_catalog.setval('public.auth_group_permissions_id_seq', 1, false);


--
-- Name: auth_permission_id_seq; Type: SEQUENCE SET; Schema: public; Owner: -
--

SELECT pg_catalog.setval('public.auth_permission_id_seq', 184, true);


--
-- Name: django_admin_log_id_seq; Type: SEQUENCE SET; Schema: public; Owner: -
--

SELECT pg_catalog.setval('public.django_admin_log_id_seq', 1, false);


--
-- Name: django_content_type_id_seq; Type: SEQUENCE SET; Schema: public; Owner: -
--

SELECT pg_catalog.setval('public.django_content_type_id_seq', 46, true);


--
-- Name: django_migrations_id_seq; Type: SEQUENCE SET; Schema: public; Owner: -
--

SELECT pg_catalog.setval('public.django_migrations_id_seq', 158, true);


--
-- Name: flows_agentconfig_id_seq; Type: SEQUENCE SET; Schema: public; Owner: -
--

SELECT pg_catalog.setval('public.flows_agentconfig_id_seq', 4, true);


--
-- Name: flows_agentconfig_playbooks_id_seq; Type: SEQUENCE SET; Schema: public; Owner: -
--

SELECT pg_catalog.setval('public.flows_agentconfig_playbooks_id_seq', 1, false);


--
-- Name: flows_aiflowmode_id_seq; Type: SEQUENCE SET; Schema: public; Owner: -
--

SELECT pg_catalog.setval('public.flows_aiflowmode_id_seq', 1, true);


--
-- Name: flows_aimodelconfig_id_seq; Type: SEQUENCE SET; Schema: public; Owner: -
--

SELECT pg_catalog.setval('public.flows_aimodelconfig_id_seq', 1, true);


--
-- Name: flows_aitool_id_seq; Type: SEQUENCE SET; Schema: public; Owner: -
--

SELECT pg_catalog.setval('public.flows_aitool_id_seq', 5, true);


--
-- Name: flows_conversationflow_id_seq; Type: SEQUENCE SET; Schema: public; Owner: -
--

SELECT pg_catalog.setval('public.flows_conversationflow_id_seq', 1, true);


--
-- Name: flows_flowcard_id_seq; Type: SEQUENCE SET; Schema: public; Owner: -
--

SELECT pg_catalog.setval('public.flows_flowcard_id_seq', 17, true);


--
-- Name: flows_flowcard_playbooks_id_seq; Type: SEQUENCE SET; Schema: public; Owner: -
--

SELECT pg_catalog.setval('public.flows_flowcard_playbooks_id_seq', 52, true);


--
-- Name: flows_flowconnection_id_seq; Type: SEQUENCE SET; Schema: public; Owner: -
--

SELECT pg_catalog.setval('public.flows_flowconnection_id_seq', 20, true);


--
-- Name: flows_leadflowstate_id_seq; Type: SEQUENCE SET; Schema: public; Owner: -
--

SELECT pg_catalog.setval('public.flows_leadflowstate_id_seq', 1, false);


--
-- Name: flows_managertransferconfig_id_seq; Type: SEQUENCE SET; Schema: public; Owner: -
--

SELECT pg_catalog.setval('public.flows_managertransferconfig_id_seq', 1, true);


--
-- Name: hotel_info_handovercontact_id_seq; Type: SEQUENCE SET; Schema: public; Owner: -
--

SELECT pg_catalog.setval('public.hotel_info_handovercontact_id_seq', 1, true);


--
-- Name: hotel_info_hotelfaq_id_seq; Type: SEQUENCE SET; Schema: public; Owner: -
--

SELECT pg_catalog.setval('public.hotel_info_hotelfaq_id_seq', 1, true);


--
-- Name: hotel_info_hotelpolicy_id_seq; Type: SEQUENCE SET; Schema: public; Owner: -
--

SELECT pg_catalog.setval('public.hotel_info_hotelpolicy_id_seq', 1, false);


--
-- Name: hotel_info_hotelprofile_id_seq; Type: SEQUENCE SET; Schema: public; Owner: -
--

SELECT pg_catalog.setval('public.hotel_info_hotelprofile_id_seq', 1, true);


--
-- Name: hotel_info_hotelprofilelink_id_seq; Type: SEQUENCE SET; Schema: public; Owner: -
--

SELECT pg_catalog.setval('public.hotel_info_hotelprofilelink_id_seq', 3, true);


--
-- Name: hotel_info_playbook_id_seq; Type: SEQUENCE SET; Schema: public; Owner: -
--

SELECT pg_catalog.setval('public.hotel_info_playbook_id_seq', 14, true);


--
-- Name: hotel_info_roomcombinationnote_id_seq; Type: SEQUENCE SET; Schema: public; Owner: -
--

SELECT pg_catalog.setval('public.hotel_info_roomcombinationnote_id_seq', 2, true);


--
-- Name: hotel_info_roompricing_id_seq; Type: SEQUENCE SET; Schema: public; Owner: -
--

SELECT pg_catalog.setval('public.hotel_info_roompricing_id_seq', 132, true);


--
-- Name: hotel_media_hotelmediaitem_id_seq; Type: SEQUENCE SET; Schema: public; Owner: -
--

SELECT pg_catalog.setval('public.hotel_media_hotelmediaitem_id_seq', 11, true);


--
-- Name: hotel_media_hotelmediaphoto_id_seq; Type: SEQUENCE SET; Schema: public; Owner: -
--

SELECT pg_catalog.setval('public.hotel_media_hotelmediaphoto_id_seq', 86, true);


--
-- Name: leads_aiconfig_id_seq; Type: SEQUENCE SET; Schema: public; Owner: -
--

SELECT pg_catalog.setval('public.leads_aiconfig_id_seq', 2, true);


--
-- Name: leads_customer_id_seq; Type: SEQUENCE SET; Schema: public; Owner: -
--

SELECT pg_catalog.setval('public.leads_customer_id_seq', 1, false);


--
-- Name: leads_instagramappconfig_id_seq; Type: SEQUENCE SET; Schema: public; Owner: -
--

SELECT pg_catalog.setval('public.leads_instagramappconfig_id_seq', 1, false);


--
-- Name: leads_instagramconnection_id_seq; Type: SEQUENCE SET; Schema: public; Owner: -
--

SELECT pg_catalog.setval('public.leads_instagramconnection_id_seq', 1, false);


--
-- Name: leads_lead_id_seq; Type: SEQUENCE SET; Schema: public; Owner: -
--

SELECT pg_catalog.setval('public.leads_lead_id_seq', 1, false);


--
-- Name: leads_leadactivity_id_seq; Type: SEQUENCE SET; Schema: public; Owner: -
--

SELECT pg_catalog.setval('public.leads_leadactivity_id_seq', 1, false);


--
-- Name: leads_leadgoal_id_seq; Type: SEQUENCE SET; Schema: public; Owner: -
--

SELECT pg_catalog.setval('public.leads_leadgoal_id_seq', 1, false);


--
-- Name: leads_leadnote_id_seq; Type: SEQUENCE SET; Schema: public; Owner: -
--

SELECT pg_catalog.setval('public.leads_leadnote_id_seq', 1, false);


--
-- Name: leads_pipelinestage_id_seq; Type: SEQUENCE SET; Schema: public; Owner: -
--

SELECT pg_catalog.setval('public.leads_pipelinestage_id_seq', 8, true);


--
-- Name: leads_ringcentralconfig_id_seq; Type: SEQUENCE SET; Schema: public; Owner: -
--

SELECT pg_catalog.setval('public.leads_ringcentralconfig_id_seq', 1, false);


--
-- Name: leads_segment_id_seq; Type: SEQUENCE SET; Schema: public; Owner: -
--

SELECT pg_catalog.setval('public.leads_segment_id_seq', 2, true);


--
-- Name: leads_task_id_seq; Type: SEQUENCE SET; Schema: public; Owner: -
--

SELECT pg_catalog.setval('public.leads_task_id_seq', 1, false);


--
-- Name: leads_telegramconfig_id_seq; Type: SEQUENCE SET; Schema: public; Owner: -
--

SELECT pg_catalog.setval('public.leads_telegramconfig_id_seq', 1, false);


--
-- Name: leads_whatsappappconfig_id_seq; Type: SEQUENCE SET; Schema: public; Owner: -
--

SELECT pg_catalog.setval('public.leads_whatsappappconfig_id_seq', 1, false);


--
-- Name: leads_whatsappconfig_id_seq; Type: SEQUENCE SET; Schema: public; Owner: -
--

SELECT pg_catalog.setval('public.leads_whatsappconfig_id_seq', 1, false);


--
-- Name: organization_members_id_seq; Type: SEQUENCE SET; Schema: public; Owner: -
--

SELECT pg_catalog.setval('public.organization_members_id_seq', 2, true);


--
-- Name: organizations_id_seq; Type: SEQUENCE SET; Schema: public; Owner: -
--

SELECT pg_catalog.setval('public.organizations_id_seq', 2, true);


--
-- Name: token_blacklist_blacklistedtoken_id_seq; Type: SEQUENCE SET; Schema: public; Owner: -
--

SELECT pg_catalog.setval('public.token_blacklist_blacklistedtoken_id_seq', 1, false);


--
-- Name: token_blacklist_outstandingtoken_id_seq; Type: SEQUENCE SET; Schema: public; Owner: -
--

SELECT pg_catalog.setval('public.token_blacklist_outstandingtoken_id_seq', 5, true);


--
-- Name: users_groups_id_seq; Type: SEQUENCE SET; Schema: public; Owner: -
--

SELECT pg_catalog.setval('public.users_groups_id_seq', 1, false);


--
-- Name: users_id_seq; Type: SEQUENCE SET; Schema: public; Owner: -
--

SELECT pg_catalog.setval('public.users_id_seq', 3, true);


--
-- Name: users_user_permissions_id_seq; Type: SEQUENCE SET; Schema: public; Owner: -
--

SELECT pg_catalog.setval('public.users_user_permissions_id_seq', 1, false);


--
-- Name: auditlog_logentry auditlog_logentry_pkey; Type: CONSTRAINT; Schema: public; Owner: -
--

ALTER TABLE ONLY public.auditlog_logentry
    ADD CONSTRAINT auditlog_logentry_pkey PRIMARY KEY (id);


--
-- Name: auth_group auth_group_name_key; Type: CONSTRAINT; Schema: public; Owner: -
--

ALTER TABLE ONLY public.auth_group
    ADD CONSTRAINT auth_group_name_key UNIQUE (name);


--
-- Name: auth_group_permissions auth_group_permissions_group_id_permission_id_0cd325b0_uniq; Type: CONSTRAINT; Schema: public; Owner: -
--

ALTER TABLE ONLY public.auth_group_permissions
    ADD CONSTRAINT auth_group_permissions_group_id_permission_id_0cd325b0_uniq UNIQUE (group_id, permission_id);


--
-- Name: auth_group_permissions auth_group_permissions_pkey; Type: CONSTRAINT; Schema: public; Owner: -
--

ALTER TABLE ONLY public.auth_group_permissions
    ADD CONSTRAINT auth_group_permissions_pkey PRIMARY KEY (id);


--
-- Name: auth_group auth_group_pkey; Type: CONSTRAINT; Schema: public; Owner: -
--

ALTER TABLE ONLY public.auth_group
    ADD CONSTRAINT auth_group_pkey PRIMARY KEY (id);


--
-- Name: auth_permission auth_permission_content_type_id_codename_01ab375a_uniq; Type: CONSTRAINT; Schema: public; Owner: -
--

ALTER TABLE ONLY public.auth_permission
    ADD CONSTRAINT auth_permission_content_type_id_codename_01ab375a_uniq UNIQUE (content_type_id, codename);


--
-- Name: auth_permission auth_permission_pkey; Type: CONSTRAINT; Schema: public; Owner: -
--

ALTER TABLE ONLY public.auth_permission
    ADD CONSTRAINT auth_permission_pkey PRIMARY KEY (id);


--
-- Name: django_admin_log django_admin_log_pkey; Type: CONSTRAINT; Schema: public; Owner: -
--

ALTER TABLE ONLY public.django_admin_log
    ADD CONSTRAINT django_admin_log_pkey PRIMARY KEY (id);


--
-- Name: django_content_type django_content_type_app_label_model_76bd3d3b_uniq; Type: CONSTRAINT; Schema: public; Owner: -
--

ALTER TABLE ONLY public.django_content_type
    ADD CONSTRAINT django_content_type_app_label_model_76bd3d3b_uniq UNIQUE (app_label, model);


--
-- Name: django_content_type django_content_type_pkey; Type: CONSTRAINT; Schema: public; Owner: -
--

ALTER TABLE ONLY public.django_content_type
    ADD CONSTRAINT django_content_type_pkey PRIMARY KEY (id);


--
-- Name: django_migrations django_migrations_pkey; Type: CONSTRAINT; Schema: public; Owner: -
--

ALTER TABLE ONLY public.django_migrations
    ADD CONSTRAINT django_migrations_pkey PRIMARY KEY (id);


--
-- Name: django_session django_session_pkey; Type: CONSTRAINT; Schema: public; Owner: -
--

ALTER TABLE ONLY public.django_session
    ADD CONSTRAINT django_session_pkey PRIMARY KEY (session_key);


--
-- Name: flows_agentconfig flows_agentconfig_name_key; Type: CONSTRAINT; Schema: public; Owner: -
--

ALTER TABLE ONLY public.flows_agentconfig
    ADD CONSTRAINT flows_agentconfig_name_key UNIQUE (name);


--
-- Name: flows_agentconfig flows_agentconfig_pkey; Type: CONSTRAINT; Schema: public; Owner: -
--

ALTER TABLE ONLY public.flows_agentconfig
    ADD CONSTRAINT flows_agentconfig_pkey PRIMARY KEY (id);


--
-- Name: flows_agentconfig_playbooks flows_agentconfig_playbo_agentconfig_id_playbook__42507b11_uniq; Type: CONSTRAINT; Schema: public; Owner: -
--

ALTER TABLE ONLY public.flows_agentconfig_playbooks
    ADD CONSTRAINT flows_agentconfig_playbo_agentconfig_id_playbook__42507b11_uniq UNIQUE (agentconfig_id, playbook_id);


--
-- Name: flows_agentconfig_playbooks flows_agentconfig_playbooks_pkey; Type: CONSTRAINT; Schema: public; Owner: -
--

ALTER TABLE ONLY public.flows_agentconfig_playbooks
    ADD CONSTRAINT flows_agentconfig_playbooks_pkey PRIMARY KEY (id);


--
-- Name: flows_aiflowmode flows_aiflowmode_pkey; Type: CONSTRAINT; Schema: public; Owner: -
--

ALTER TABLE ONLY public.flows_aiflowmode
    ADD CONSTRAINT flows_aiflowmode_pkey PRIMARY KEY (id);


--
-- Name: flows_aimodelconfig flows_aimodelconfig_pkey; Type: CONSTRAINT; Schema: public; Owner: -
--

ALTER TABLE ONLY public.flows_aimodelconfig
    ADD CONSTRAINT flows_aimodelconfig_pkey PRIMARY KEY (id);


--
-- Name: flows_aitool flows_aitool_name_key; Type: CONSTRAINT; Schema: public; Owner: -
--

ALTER TABLE ONLY public.flows_aitool
    ADD CONSTRAINT flows_aitool_name_key UNIQUE (name);


--
-- Name: flows_aitool flows_aitool_pkey; Type: CONSTRAINT; Schema: public; Owner: -
--

ALTER TABLE ONLY public.flows_aitool
    ADD CONSTRAINT flows_aitool_pkey PRIMARY KEY (id);


--
-- Name: flows_conversationflow flows_conversationflow_pkey; Type: CONSTRAINT; Schema: public; Owner: -
--

ALTER TABLE ONLY public.flows_conversationflow
    ADD CONSTRAINT flows_conversationflow_pkey PRIMARY KEY (id);


--
-- Name: flows_flowcard flows_flowcard_pkey; Type: CONSTRAINT; Schema: public; Owner: -
--

ALTER TABLE ONLY public.flows_flowcard
    ADD CONSTRAINT flows_flowcard_pkey PRIMARY KEY (id);


--
-- Name: flows_flowcard_playbooks flows_flowcard_playbooks_flowcard_id_playbook_id_e59a00cf_uniq; Type: CONSTRAINT; Schema: public; Owner: -
--

ALTER TABLE ONLY public.flows_flowcard_playbooks
    ADD CONSTRAINT flows_flowcard_playbooks_flowcard_id_playbook_id_e59a00cf_uniq UNIQUE (flowcard_id, playbook_id);


--
-- Name: flows_flowcard_playbooks flows_flowcard_playbooks_pkey; Type: CONSTRAINT; Schema: public; Owner: -
--

ALTER TABLE ONLY public.flows_flowcard_playbooks
    ADD CONSTRAINT flows_flowcard_playbooks_pkey PRIMARY KEY (id);


--
-- Name: flows_flowconnection flows_flowconnection_pkey; Type: CONSTRAINT; Schema: public; Owner: -
--

ALTER TABLE ONLY public.flows_flowconnection
    ADD CONSTRAINT flows_flowconnection_pkey PRIMARY KEY (id);


--
-- Name: flows_leadflowstate flows_leadflowstate_lead_id_key; Type: CONSTRAINT; Schema: public; Owner: -
--

ALTER TABLE ONLY public.flows_leadflowstate
    ADD CONSTRAINT flows_leadflowstate_lead_id_key UNIQUE (lead_id);


--
-- Name: flows_leadflowstate flows_leadflowstate_pkey; Type: CONSTRAINT; Schema: public; Owner: -
--

ALTER TABLE ONLY public.flows_leadflowstate
    ADD CONSTRAINT flows_leadflowstate_pkey PRIMARY KEY (id);


--
-- Name: flows_managertransferconfig flows_managertransferconfig_pkey; Type: CONSTRAINT; Schema: public; Owner: -
--

ALTER TABLE ONLY public.flows_managertransferconfig
    ADD CONSTRAINT flows_managertransferconfig_pkey PRIMARY KEY (id);


--
-- Name: hotel_info_handovercontact hotel_info_handovercontact_pkey; Type: CONSTRAINT; Schema: public; Owner: -
--

ALTER TABLE ONLY public.hotel_info_handovercontact
    ADD CONSTRAINT hotel_info_handovercontact_pkey PRIMARY KEY (id);


--
-- Name: hotel_info_hotelfaq hotel_info_hotelfaq_pkey; Type: CONSTRAINT; Schema: public; Owner: -
--

ALTER TABLE ONLY public.hotel_info_hotelfaq
    ADD CONSTRAINT hotel_info_hotelfaq_pkey PRIMARY KEY (id);


--
-- Name: hotel_info_hotelpolicy hotel_info_hotelpolicy_pkey; Type: CONSTRAINT; Schema: public; Owner: -
--

ALTER TABLE ONLY public.hotel_info_hotelpolicy
    ADD CONSTRAINT hotel_info_hotelpolicy_pkey PRIMARY KEY (id);


--
-- Name: hotel_info_hotelprofile hotel_info_hotelprofile_pkey; Type: CONSTRAINT; Schema: public; Owner: -
--

ALTER TABLE ONLY public.hotel_info_hotelprofile
    ADD CONSTRAINT hotel_info_hotelprofile_pkey PRIMARY KEY (id);


--
-- Name: hotel_info_hotelprofilelink hotel_info_hotelprofilelink_pkey; Type: CONSTRAINT; Schema: public; Owner: -
--

ALTER TABLE ONLY public.hotel_info_hotelprofilelink
    ADD CONSTRAINT hotel_info_hotelprofilelink_pkey PRIMARY KEY (id);


--
-- Name: hotel_info_playbook hotel_info_playbook_pkey; Type: CONSTRAINT; Schema: public; Owner: -
--

ALTER TABLE ONLY public.hotel_info_playbook
    ADD CONSTRAINT hotel_info_playbook_pkey PRIMARY KEY (id);


--
-- Name: hotel_info_roomcombinationnote hotel_info_roomcombinati_guest_count_combination__d48cbd28_uniq; Type: CONSTRAINT; Schema: public; Owner: -
--

ALTER TABLE ONLY public.hotel_info_roomcombinationnote
    ADD CONSTRAINT hotel_info_roomcombinati_guest_count_combination__d48cbd28_uniq UNIQUE (guest_count, combination_index);


--
-- Name: hotel_info_roomcombinationnote hotel_info_roomcombinationnote_pkey; Type: CONSTRAINT; Schema: public; Owner: -
--

ALTER TABLE ONLY public.hotel_info_roomcombinationnote
    ADD CONSTRAINT hotel_info_roomcombinationnote_pkey PRIMARY KEY (id);


--
-- Name: hotel_info_roompricing hotel_info_roompricing_pkey; Type: CONSTRAINT; Schema: public; Owner: -
--

ALTER TABLE ONLY public.hotel_info_roompricing
    ADD CONSTRAINT hotel_info_roompricing_pkey PRIMARY KEY (id);


--
-- Name: hotel_media_hotelmediaitem hotel_media_hotelmediaitem_pkey; Type: CONSTRAINT; Schema: public; Owner: -
--

ALTER TABLE ONLY public.hotel_media_hotelmediaitem
    ADD CONSTRAINT hotel_media_hotelmediaitem_pkey PRIMARY KEY (id);


--
-- Name: hotel_media_hotelmediaphoto hotel_media_hotelmediaphoto_pkey; Type: CONSTRAINT; Schema: public; Owner: -
--

ALTER TABLE ONLY public.hotel_media_hotelmediaphoto
    ADD CONSTRAINT hotel_media_hotelmediaphoto_pkey PRIMARY KEY (id);


--
-- Name: leads_aiconfig leads_aiconfig_pkey; Type: CONSTRAINT; Schema: public; Owner: -
--

ALTER TABLE ONLY public.leads_aiconfig
    ADD CONSTRAINT leads_aiconfig_pkey PRIMARY KEY (id);


--
-- Name: leads_customer leads_customer_lead_id_key; Type: CONSTRAINT; Schema: public; Owner: -
--

ALTER TABLE ONLY public.leads_customer
    ADD CONSTRAINT leads_customer_lead_id_key UNIQUE (lead_id);


--
-- Name: leads_customer leads_customer_pkey; Type: CONSTRAINT; Schema: public; Owner: -
--

ALTER TABLE ONLY public.leads_customer
    ADD CONSTRAINT leads_customer_pkey PRIMARY KEY (id);


--
-- Name: leads_instagramappconfig leads_instagramappconfig_pkey; Type: CONSTRAINT; Schema: public; Owner: -
--

ALTER TABLE ONLY public.leads_instagramappconfig
    ADD CONSTRAINT leads_instagramappconfig_pkey PRIMARY KEY (id);


--
-- Name: leads_instagramconnection leads_instagramconnection_pkey; Type: CONSTRAINT; Schema: public; Owner: -
--

ALTER TABLE ONLY public.leads_instagramconnection
    ADD CONSTRAINT leads_instagramconnection_pkey PRIMARY KEY (id);


--
-- Name: leads_lead leads_lead_pkey; Type: CONSTRAINT; Schema: public; Owner: -
--

ALTER TABLE ONLY public.leads_lead
    ADD CONSTRAINT leads_lead_pkey PRIMARY KEY (id);


--
-- Name: leads_leadactivity leads_leadactivity_pkey; Type: CONSTRAINT; Schema: public; Owner: -
--

ALTER TABLE ONLY public.leads_leadactivity
    ADD CONSTRAINT leads_leadactivity_pkey PRIMARY KEY (id);


--
-- Name: leads_leadgoal leads_leadgoal_pkey; Type: CONSTRAINT; Schema: public; Owner: -
--

ALTER TABLE ONLY public.leads_leadgoal
    ADD CONSTRAINT leads_leadgoal_pkey PRIMARY KEY (id);


--
-- Name: leads_leadnote leads_leadnote_pkey; Type: CONSTRAINT; Schema: public; Owner: -
--

ALTER TABLE ONLY public.leads_leadnote
    ADD CONSTRAINT leads_leadnote_pkey PRIMARY KEY (id);


--
-- Name: leads_pipelinestage leads_pipelinestage_key_5c6f8d59_uniq; Type: CONSTRAINT; Schema: public; Owner: -
--

ALTER TABLE ONLY public.leads_pipelinestage
    ADD CONSTRAINT leads_pipelinestage_key_5c6f8d59_uniq UNIQUE (key);


--
-- Name: leads_pipelinestage leads_pipelinestage_pkey; Type: CONSTRAINT; Schema: public; Owner: -
--

ALTER TABLE ONLY public.leads_pipelinestage
    ADD CONSTRAINT leads_pipelinestage_pkey PRIMARY KEY (id);


--
-- Name: leads_ringcentralconfig leads_ringcentralconfig_pkey; Type: CONSTRAINT; Schema: public; Owner: -
--

ALTER TABLE ONLY public.leads_ringcentralconfig
    ADD CONSTRAINT leads_ringcentralconfig_pkey PRIMARY KEY (id);


--
-- Name: leads_segment leads_segment_key_key; Type: CONSTRAINT; Schema: public; Owner: -
--

ALTER TABLE ONLY public.leads_segment
    ADD CONSTRAINT leads_segment_key_key UNIQUE (key);


--
-- Name: leads_segment leads_segment_pkey; Type: CONSTRAINT; Schema: public; Owner: -
--

ALTER TABLE ONLY public.leads_segment
    ADD CONSTRAINT leads_segment_pkey PRIMARY KEY (id);


--
-- Name: leads_task leads_task_pkey; Type: CONSTRAINT; Schema: public; Owner: -
--

ALTER TABLE ONLY public.leads_task
    ADD CONSTRAINT leads_task_pkey PRIMARY KEY (id);


--
-- Name: leads_telegramconfig leads_telegramconfig_pkey; Type: CONSTRAINT; Schema: public; Owner: -
--

ALTER TABLE ONLY public.leads_telegramconfig
    ADD CONSTRAINT leads_telegramconfig_pkey PRIMARY KEY (id);


--
-- Name: leads_whatsappappconfig leads_whatsappappconfig_pkey; Type: CONSTRAINT; Schema: public; Owner: -
--

ALTER TABLE ONLY public.leads_whatsappappconfig
    ADD CONSTRAINT leads_whatsappappconfig_pkey PRIMARY KEY (id);


--
-- Name: leads_whatsappconfig leads_whatsappconfig_pkey; Type: CONSTRAINT; Schema: public; Owner: -
--

ALTER TABLE ONLY public.leads_whatsappconfig
    ADD CONSTRAINT leads_whatsappconfig_pkey PRIMARY KEY (id);


--
-- Name: organization_members organization_members_organization_id_user_id_6641c465_uniq; Type: CONSTRAINT; Schema: public; Owner: -
--

ALTER TABLE ONLY public.organization_members
    ADD CONSTRAINT organization_members_organization_id_user_id_6641c465_uniq UNIQUE (organization_id, user_id);


--
-- Name: organization_members organization_members_pkey; Type: CONSTRAINT; Schema: public; Owner: -
--

ALTER TABLE ONLY public.organization_members
    ADD CONSTRAINT organization_members_pkey PRIMARY KEY (id);


--
-- Name: organizations organizations_pkey; Type: CONSTRAINT; Schema: public; Owner: -
--

ALTER TABLE ONLY public.organizations
    ADD CONSTRAINT organizations_pkey PRIMARY KEY (id);


--
-- Name: organizations organizations_slug_key; Type: CONSTRAINT; Schema: public; Owner: -
--

ALTER TABLE ONLY public.organizations
    ADD CONSTRAINT organizations_slug_key UNIQUE (slug);


--
-- Name: token_blacklist_blacklistedtoken token_blacklist_blacklistedtoken_pkey; Type: CONSTRAINT; Schema: public; Owner: -
--

ALTER TABLE ONLY public.token_blacklist_blacklistedtoken
    ADD CONSTRAINT token_blacklist_blacklistedtoken_pkey PRIMARY KEY (id);


--
-- Name: token_blacklist_blacklistedtoken token_blacklist_blacklistedtoken_token_id_key; Type: CONSTRAINT; Schema: public; Owner: -
--

ALTER TABLE ONLY public.token_blacklist_blacklistedtoken
    ADD CONSTRAINT token_blacklist_blacklistedtoken_token_id_key UNIQUE (token_id);


--
-- Name: token_blacklist_outstandingtoken token_blacklist_outstandingtoken_jti_hex_d9bdf6f7_uniq; Type: CONSTRAINT; Schema: public; Owner: -
--

ALTER TABLE ONLY public.token_blacklist_outstandingtoken
    ADD CONSTRAINT token_blacklist_outstandingtoken_jti_hex_d9bdf6f7_uniq UNIQUE (jti);


--
-- Name: token_blacklist_outstandingtoken token_blacklist_outstandingtoken_pkey; Type: CONSTRAINT; Schema: public; Owner: -
--

ALTER TABLE ONLY public.token_blacklist_outstandingtoken
    ADD CONSTRAINT token_blacklist_outstandingtoken_pkey PRIMARY KEY (id);


--
-- Name: users users_email_key; Type: CONSTRAINT; Schema: public; Owner: -
--

ALTER TABLE ONLY public.users
    ADD CONSTRAINT users_email_key UNIQUE (email);


--
-- Name: users_groups users_groups_pkey; Type: CONSTRAINT; Schema: public; Owner: -
--

ALTER TABLE ONLY public.users_groups
    ADD CONSTRAINT users_groups_pkey PRIMARY KEY (id);


--
-- Name: users_groups users_groups_user_id_group_id_fc7788e8_uniq; Type: CONSTRAINT; Schema: public; Owner: -
--

ALTER TABLE ONLY public.users_groups
    ADD CONSTRAINT users_groups_user_id_group_id_fc7788e8_uniq UNIQUE (user_id, group_id);


--
-- Name: users users_pkey; Type: CONSTRAINT; Schema: public; Owner: -
--

ALTER TABLE ONLY public.users
    ADD CONSTRAINT users_pkey PRIMARY KEY (id);


--
-- Name: users_user_permissions users_user_permissions_pkey; Type: CONSTRAINT; Schema: public; Owner: -
--

ALTER TABLE ONLY public.users_user_permissions
    ADD CONSTRAINT users_user_permissions_pkey PRIMARY KEY (id);


--
-- Name: users_user_permissions users_user_permissions_user_id_permission_id_3b86cbdf_uniq; Type: CONSTRAINT; Schema: public; Owner: -
--

ALTER TABLE ONLY public.users_user_permissions
    ADD CONSTRAINT users_user_permissions_user_id_permission_id_3b86cbdf_uniq UNIQUE (user_id, permission_id);


--
-- Name: auditlog_logentry_action_229afe39; Type: INDEX; Schema: public; Owner: -
--

CREATE INDEX auditlog_logentry_action_229afe39 ON public.auditlog_logentry USING btree (action);


--
-- Name: auditlog_logentry_actor_id_959271d2; Type: INDEX; Schema: public; Owner: -
--

CREATE INDEX auditlog_logentry_actor_id_959271d2 ON public.auditlog_logentry USING btree (actor_id);


--
-- Name: auditlog_logentry_cid_9f467263; Type: INDEX; Schema: public; Owner: -
--

CREATE INDEX auditlog_logentry_cid_9f467263 ON public.auditlog_logentry USING btree (cid);


--
-- Name: auditlog_logentry_cid_9f467263_like; Type: INDEX; Schema: public; Owner: -
--

CREATE INDEX auditlog_logentry_cid_9f467263_like ON public.auditlog_logentry USING btree (cid varchar_pattern_ops);


--
-- Name: auditlog_logentry_content_type_id_75830218; Type: INDEX; Schema: public; Owner: -
--

CREATE INDEX auditlog_logentry_content_type_id_75830218 ON public.auditlog_logentry USING btree (content_type_id);


--
-- Name: auditlog_logentry_object_id_09c2eee8; Type: INDEX; Schema: public; Owner: -
--

CREATE INDEX auditlog_logentry_object_id_09c2eee8 ON public.auditlog_logentry USING btree (object_id);


--
-- Name: auditlog_logentry_object_pk_6e3219c0; Type: INDEX; Schema: public; Owner: -
--

CREATE INDEX auditlog_logentry_object_pk_6e3219c0 ON public.auditlog_logentry USING btree (object_pk);


--
-- Name: auditlog_logentry_object_pk_6e3219c0_like; Type: INDEX; Schema: public; Owner: -
--

CREATE INDEX auditlog_logentry_object_pk_6e3219c0_like ON public.auditlog_logentry USING btree (object_pk varchar_pattern_ops);


--
-- Name: auditlog_logentry_timestamp_37867bb0; Type: INDEX; Schema: public; Owner: -
--

CREATE INDEX auditlog_logentry_timestamp_37867bb0 ON public.auditlog_logentry USING btree ("timestamp");


--
-- Name: auth_group_name_a6ea08ec_like; Type: INDEX; Schema: public; Owner: -
--

CREATE INDEX auth_group_name_a6ea08ec_like ON public.auth_group USING btree (name varchar_pattern_ops);


--
-- Name: auth_group_permissions_group_id_b120cbf9; Type: INDEX; Schema: public; Owner: -
--

CREATE INDEX auth_group_permissions_group_id_b120cbf9 ON public.auth_group_permissions USING btree (group_id);


--
-- Name: auth_group_permissions_permission_id_84c5c92e; Type: INDEX; Schema: public; Owner: -
--

CREATE INDEX auth_group_permissions_permission_id_84c5c92e ON public.auth_group_permissions USING btree (permission_id);


--
-- Name: auth_permission_content_type_id_2f476e4b; Type: INDEX; Schema: public; Owner: -
--

CREATE INDEX auth_permission_content_type_id_2f476e4b ON public.auth_permission USING btree (content_type_id);


--
-- Name: django_admin_log_content_type_id_c4bce8eb; Type: INDEX; Schema: public; Owner: -
--

CREATE INDEX django_admin_log_content_type_id_c4bce8eb ON public.django_admin_log USING btree (content_type_id);


--
-- Name: django_admin_log_user_id_c564eba6; Type: INDEX; Schema: public; Owner: -
--

CREATE INDEX django_admin_log_user_id_c564eba6 ON public.django_admin_log USING btree (user_id);


--
-- Name: django_session_expire_date_a5c62663; Type: INDEX; Schema: public; Owner: -
--

CREATE INDEX django_session_expire_date_a5c62663 ON public.django_session USING btree (expire_date);


--
-- Name: django_session_session_key_c0390e0f_like; Type: INDEX; Schema: public; Owner: -
--

CREATE INDEX django_session_session_key_c0390e0f_like ON public.django_session USING btree (session_key varchar_pattern_ops);


--
-- Name: flows_agentconfig_name_d5841913_like; Type: INDEX; Schema: public; Owner: -
--

CREATE INDEX flows_agentconfig_name_d5841913_like ON public.flows_agentconfig USING btree (name varchar_pattern_ops);


--
-- Name: flows_agentconfig_organization_id_9a4becbd; Type: INDEX; Schema: public; Owner: -
--

CREATE INDEX flows_agentconfig_organization_id_9a4becbd ON public.flows_agentconfig USING btree (organization_id);


--
-- Name: flows_agentconfig_playbooks_agentconfig_id_287066eb; Type: INDEX; Schema: public; Owner: -
--

CREATE INDEX flows_agentconfig_playbooks_agentconfig_id_287066eb ON public.flows_agentconfig_playbooks USING btree (agentconfig_id);


--
-- Name: flows_agentconfig_playbooks_playbook_id_d4509b4e; Type: INDEX; Schema: public; Owner: -
--

CREATE INDEX flows_agentconfig_playbooks_playbook_id_d4509b4e ON public.flows_agentconfig_playbooks USING btree (playbook_id);


--
-- Name: flows_aiflowmode_organization_id_6525324a; Type: INDEX; Schema: public; Owner: -
--

CREATE INDEX flows_aiflowmode_organization_id_6525324a ON public.flows_aiflowmode USING btree (organization_id);


--
-- Name: flows_aimodelconfig_organization_id_27083bd2; Type: INDEX; Schema: public; Owner: -
--

CREATE INDEX flows_aimodelconfig_organization_id_27083bd2 ON public.flows_aimodelconfig USING btree (organization_id);


--
-- Name: flows_aitool_name_99e136cb_like; Type: INDEX; Schema: public; Owner: -
--

CREATE INDEX flows_aitool_name_99e136cb_like ON public.flows_aitool USING btree (name varchar_pattern_ops);


--
-- Name: flows_aitool_organization_id_b996959b; Type: INDEX; Schema: public; Owner: -
--

CREATE INDEX flows_aitool_organization_id_b996959b ON public.flows_aitool USING btree (organization_id);


--
-- Name: flows_conversationflow_organization_id_57432f27; Type: INDEX; Schema: public; Owner: -
--

CREATE INDEX flows_conversationflow_organization_id_57432f27 ON public.flows_conversationflow USING btree (organization_id);


--
-- Name: flows_flowcard_flow_id_439128a8; Type: INDEX; Schema: public; Owner: -
--

CREATE INDEX flows_flowcard_flow_id_439128a8 ON public.flows_flowcard USING btree (flow_id);


--
-- Name: flows_flowcard_playbooks_flowcard_id_41034f98; Type: INDEX; Schema: public; Owner: -
--

CREATE INDEX flows_flowcard_playbooks_flowcard_id_41034f98 ON public.flows_flowcard_playbooks USING btree (flowcard_id);


--
-- Name: flows_flowcard_playbooks_playbook_id_52b2fb98; Type: INDEX; Schema: public; Owner: -
--

CREATE INDEX flows_flowcard_playbooks_playbook_id_52b2fb98 ON public.flows_flowcard_playbooks USING btree (playbook_id);


--
-- Name: flows_flowconnection_flow_id_ecce6d9c; Type: INDEX; Schema: public; Owner: -
--

CREATE INDEX flows_flowconnection_flow_id_ecce6d9c ON public.flows_flowconnection USING btree (flow_id);


--
-- Name: flows_flowconnection_source_card_id_eb2ead3e; Type: INDEX; Schema: public; Owner: -
--

CREATE INDEX flows_flowconnection_source_card_id_eb2ead3e ON public.flows_flowconnection USING btree (source_card_id);


--
-- Name: flows_flowconnection_target_card_id_17f83fbc; Type: INDEX; Schema: public; Owner: -
--

CREATE INDEX flows_flowconnection_target_card_id_17f83fbc ON public.flows_flowconnection USING btree (target_card_id);


--
-- Name: flows_leadflowstate_current_card_id_1c64c069; Type: INDEX; Schema: public; Owner: -
--

CREATE INDEX flows_leadflowstate_current_card_id_1c64c069 ON public.flows_leadflowstate USING btree (current_card_id);


--
-- Name: flows_leadflowstate_flow_id_31fa08ee; Type: INDEX; Schema: public; Owner: -
--

CREATE INDEX flows_leadflowstate_flow_id_31fa08ee ON public.flows_leadflowstate USING btree (flow_id);


--
-- Name: flows_managertransferconfig_organization_id_5340596d; Type: INDEX; Schema: public; Owner: -
--

CREATE INDEX flows_managertransferconfig_organization_id_5340596d ON public.flows_managertransferconfig USING btree (organization_id);


--
-- Name: hotel_info_handovercontact_organization_id_7c977564; Type: INDEX; Schema: public; Owner: -
--

CREATE INDEX hotel_info_handovercontact_organization_id_7c977564 ON public.hotel_info_handovercontact USING btree (organization_id);


--
-- Name: hotel_info_hotelfaq_organization_id_4f5456f8; Type: INDEX; Schema: public; Owner: -
--

CREATE INDEX hotel_info_hotelfaq_organization_id_4f5456f8 ON public.hotel_info_hotelfaq USING btree (organization_id);


--
-- Name: hotel_info_hotelpolicy_organization_id_10a30694; Type: INDEX; Schema: public; Owner: -
--

CREATE INDEX hotel_info_hotelpolicy_organization_id_10a30694 ON public.hotel_info_hotelpolicy USING btree (organization_id);


--
-- Name: hotel_info_hotelprofile_organization_id_47c21c5b; Type: INDEX; Schema: public; Owner: -
--

CREATE INDEX hotel_info_hotelprofile_organization_id_47c21c5b ON public.hotel_info_hotelprofile USING btree (organization_id);


--
-- Name: hotel_info_hotelprofilelink_profile_id_cd2c8e67; Type: INDEX; Schema: public; Owner: -
--

CREATE INDEX hotel_info_hotelprofilelink_profile_id_cd2c8e67 ON public.hotel_info_hotelprofilelink USING btree (profile_id);


--
-- Name: hotel_info_playbook_organization_id_5c47582c; Type: INDEX; Schema: public; Owner: -
--

CREATE INDEX hotel_info_playbook_organization_id_5c47582c ON public.hotel_info_playbook USING btree (organization_id);


--
-- Name: hotel_info_roompricing_organization_id_3f43bbce; Type: INDEX; Schema: public; Owner: -
--

CREATE INDEX hotel_info_roompricing_organization_id_3f43bbce ON public.hotel_info_roompricing USING btree (organization_id);


--
-- Name: hotel_media_hotelmediaitem_organization_id_c63085c5; Type: INDEX; Schema: public; Owner: -
--

CREATE INDEX hotel_media_hotelmediaitem_organization_id_c63085c5 ON public.hotel_media_hotelmediaitem USING btree (organization_id);


--
-- Name: hotel_media_hotelmediaphoto_item_id_db843a93; Type: INDEX; Schema: public; Owner: -
--

CREATE INDEX hotel_media_hotelmediaphoto_item_id_db843a93 ON public.hotel_media_hotelmediaphoto USING btree (item_id);


--
-- Name: leads_aiconfig_organization_id_9e4a3430; Type: INDEX; Schema: public; Owner: -
--

CREATE INDEX leads_aiconfig_organization_id_9e4a3430 ON public.leads_aiconfig USING btree (organization_id);


--
-- Name: leads_customer_organization_id_b569dbce; Type: INDEX; Schema: public; Owner: -
--

CREATE INDEX leads_customer_organization_id_b569dbce ON public.leads_customer USING btree (organization_id);


--
-- Name: leads_instagramappconfig_organization_id_a543c5ea; Type: INDEX; Schema: public; Owner: -
--

CREATE INDEX leads_instagramappconfig_organization_id_a543c5ea ON public.leads_instagramappconfig USING btree (organization_id);


--
-- Name: leads_instagramconnection_organization_id_4e695835; Type: INDEX; Schema: public; Owner: -
--

CREATE INDEX leads_instagramconnection_organization_id_4e695835 ON public.leads_instagramconnection USING btree (organization_id);


--
-- Name: leads_lead_assigned_to_id_d7a91e6c; Type: INDEX; Schema: public; Owner: -
--

CREATE INDEX leads_lead_assigned_to_id_d7a91e6c ON public.leads_lead USING btree (assigned_to_id);


--
-- Name: leads_lead_organization_id_32e3ac83; Type: INDEX; Schema: public; Owner: -
--

CREATE INDEX leads_lead_organization_id_32e3ac83 ON public.leads_lead USING btree (organization_id);


--
-- Name: leads_leadactivity_lead_id_5a986da3; Type: INDEX; Schema: public; Owner: -
--

CREATE INDEX leads_leadactivity_lead_id_5a986da3 ON public.leads_leadactivity USING btree (lead_id);


--
-- Name: leads_leadactivity_organization_id_a0d1bad5; Type: INDEX; Schema: public; Owner: -
--

CREATE INDEX leads_leadactivity_organization_id_a0d1bad5 ON public.leads_leadactivity USING btree (organization_id);


--
-- Name: leads_leadgoal_lead_id_caaa3fc4; Type: INDEX; Schema: public; Owner: -
--

CREATE INDEX leads_leadgoal_lead_id_caaa3fc4 ON public.leads_leadgoal USING btree (lead_id);


--
-- Name: leads_leadgoal_organization_id_7eea84b8; Type: INDEX; Schema: public; Owner: -
--

CREATE INDEX leads_leadgoal_organization_id_7eea84b8 ON public.leads_leadgoal USING btree (organization_id);


--
-- Name: leads_leadnote_lead_id_b953ea50; Type: INDEX; Schema: public; Owner: -
--

CREATE INDEX leads_leadnote_lead_id_b953ea50 ON public.leads_leadnote USING btree (lead_id);


--
-- Name: leads_pipelinestage_key_5c6f8d59_like; Type: INDEX; Schema: public; Owner: -
--

CREATE INDEX leads_pipelinestage_key_5c6f8d59_like ON public.leads_pipelinestage USING btree (key varchar_pattern_ops);


--
-- Name: leads_pipelinestage_organization_id_a368e25a; Type: INDEX; Schema: public; Owner: -
--

CREATE INDEX leads_pipelinestage_organization_id_a368e25a ON public.leads_pipelinestage USING btree (organization_id);


--
-- Name: leads_ringcentralconfig_organization_id_103454f0; Type: INDEX; Schema: public; Owner: -
--

CREATE INDEX leads_ringcentralconfig_organization_id_103454f0 ON public.leads_ringcentralconfig USING btree (organization_id);


--
-- Name: leads_segment_key_f475d3e5_like; Type: INDEX; Schema: public; Owner: -
--

CREATE INDEX leads_segment_key_f475d3e5_like ON public.leads_segment USING btree (key varchar_pattern_ops);


--
-- Name: leads_segment_organization_id_19968922; Type: INDEX; Schema: public; Owner: -
--

CREATE INDEX leads_segment_organization_id_19968922 ON public.leads_segment USING btree (organization_id);


--
-- Name: leads_task_lead_id_a91a909c; Type: INDEX; Schema: public; Owner: -
--

CREATE INDEX leads_task_lead_id_a91a909c ON public.leads_task USING btree (lead_id);


--
-- Name: leads_task_organization_id_2f2e94d6; Type: INDEX; Schema: public; Owner: -
--

CREATE INDEX leads_task_organization_id_2f2e94d6 ON public.leads_task USING btree (organization_id);


--
-- Name: leads_telegramconfig_organization_id_ef667dd7; Type: INDEX; Schema: public; Owner: -
--

CREATE INDEX leads_telegramconfig_organization_id_ef667dd7 ON public.leads_telegramconfig USING btree (organization_id);


--
-- Name: leads_whatsappappconfig_organization_id_e5a5ec80; Type: INDEX; Schema: public; Owner: -
--

CREATE INDEX leads_whatsappappconfig_organization_id_e5a5ec80 ON public.leads_whatsappappconfig USING btree (organization_id);


--
-- Name: leads_whatsappconfig_organization_id_b646e61a; Type: INDEX; Schema: public; Owner: -
--

CREATE INDEX leads_whatsappconfig_organization_id_b646e61a ON public.leads_whatsappconfig USING btree (organization_id);


--
-- Name: organization_members_organization_id_d55f4961; Type: INDEX; Schema: public; Owner: -
--

CREATE INDEX organization_members_organization_id_d55f4961 ON public.organization_members USING btree (organization_id);


--
-- Name: organization_members_user_id_e6013fda; Type: INDEX; Schema: public; Owner: -
--

CREATE INDEX organization_members_user_id_e6013fda ON public.organization_members USING btree (user_id);


--
-- Name: organizations_owner_id_69ddbc9d; Type: INDEX; Schema: public; Owner: -
--

CREATE INDEX organizations_owner_id_69ddbc9d ON public.organizations USING btree (owner_id);


--
-- Name: organizations_slug_aaafa6fa_like; Type: INDEX; Schema: public; Owner: -
--

CREATE INDEX organizations_slug_aaafa6fa_like ON public.organizations USING btree (slug varchar_pattern_ops);


--
-- Name: token_blacklist_outstandingtoken_jti_hex_d9bdf6f7_like; Type: INDEX; Schema: public; Owner: -
--

CREATE INDEX token_blacklist_outstandingtoken_jti_hex_d9bdf6f7_like ON public.token_blacklist_outstandingtoken USING btree (jti varchar_pattern_ops);


--
-- Name: token_blacklist_outstandingtoken_user_id_83bc629a; Type: INDEX; Schema: public; Owner: -
--

CREATE INDEX token_blacklist_outstandingtoken_user_id_83bc629a ON public.token_blacklist_outstandingtoken USING btree (user_id);


--
-- Name: users_current_organization_id_243544e4; Type: INDEX; Schema: public; Owner: -
--

CREATE INDEX users_current_organization_id_243544e4 ON public.users USING btree (current_organization_id);


--
-- Name: users_email_0ea73cca_like; Type: INDEX; Schema: public; Owner: -
--

CREATE INDEX users_email_0ea73cca_like ON public.users USING btree (email varchar_pattern_ops);


--
-- Name: users_groups_group_id_2f3517aa; Type: INDEX; Schema: public; Owner: -
--

CREATE INDEX users_groups_group_id_2f3517aa ON public.users_groups USING btree (group_id);


--
-- Name: users_groups_user_id_f500bee5; Type: INDEX; Schema: public; Owner: -
--

CREATE INDEX users_groups_user_id_f500bee5 ON public.users_groups USING btree (user_id);


--
-- Name: users_user_permissions_permission_id_6d08dcd2; Type: INDEX; Schema: public; Owner: -
--

CREATE INDEX users_user_permissions_permission_id_6d08dcd2 ON public.users_user_permissions USING btree (permission_id);


--
-- Name: users_user_permissions_user_id_92473840; Type: INDEX; Schema: public; Owner: -
--

CREATE INDEX users_user_permissions_user_id_92473840 ON public.users_user_permissions USING btree (user_id);


--
-- Name: auditlog_logentry auditlog_logentry_actor_id_959271d2_fk_users_id; Type: FK CONSTRAINT; Schema: public; Owner: -
--

ALTER TABLE ONLY public.auditlog_logentry
    ADD CONSTRAINT auditlog_logentry_actor_id_959271d2_fk_users_id FOREIGN KEY (actor_id) REFERENCES public.users(id) DEFERRABLE INITIALLY DEFERRED;


--
-- Name: auditlog_logentry auditlog_logentry_content_type_id_75830218_fk_django_co; Type: FK CONSTRAINT; Schema: public; Owner: -
--

ALTER TABLE ONLY public.auditlog_logentry
    ADD CONSTRAINT auditlog_logentry_content_type_id_75830218_fk_django_co FOREIGN KEY (content_type_id) REFERENCES public.django_content_type(id) DEFERRABLE INITIALLY DEFERRED;


--
-- Name: auth_group_permissions auth_group_permissio_permission_id_84c5c92e_fk_auth_perm; Type: FK CONSTRAINT; Schema: public; Owner: -
--

ALTER TABLE ONLY public.auth_group_permissions
    ADD CONSTRAINT auth_group_permissio_permission_id_84c5c92e_fk_auth_perm FOREIGN KEY (permission_id) REFERENCES public.auth_permission(id) DEFERRABLE INITIALLY DEFERRED;


--
-- Name: auth_group_permissions auth_group_permissions_group_id_b120cbf9_fk_auth_group_id; Type: FK CONSTRAINT; Schema: public; Owner: -
--

ALTER TABLE ONLY public.auth_group_permissions
    ADD CONSTRAINT auth_group_permissions_group_id_b120cbf9_fk_auth_group_id FOREIGN KEY (group_id) REFERENCES public.auth_group(id) DEFERRABLE INITIALLY DEFERRED;


--
-- Name: auth_permission auth_permission_content_type_id_2f476e4b_fk_django_co; Type: FK CONSTRAINT; Schema: public; Owner: -
--

ALTER TABLE ONLY public.auth_permission
    ADD CONSTRAINT auth_permission_content_type_id_2f476e4b_fk_django_co FOREIGN KEY (content_type_id) REFERENCES public.django_content_type(id) DEFERRABLE INITIALLY DEFERRED;


--
-- Name: django_admin_log django_admin_log_content_type_id_c4bce8eb_fk_django_co; Type: FK CONSTRAINT; Schema: public; Owner: -
--

ALTER TABLE ONLY public.django_admin_log
    ADD CONSTRAINT django_admin_log_content_type_id_c4bce8eb_fk_django_co FOREIGN KEY (content_type_id) REFERENCES public.django_content_type(id) DEFERRABLE INITIALLY DEFERRED;


--
-- Name: django_admin_log django_admin_log_user_id_c564eba6_fk_users_id; Type: FK CONSTRAINT; Schema: public; Owner: -
--

ALTER TABLE ONLY public.django_admin_log
    ADD CONSTRAINT django_admin_log_user_id_c564eba6_fk_users_id FOREIGN KEY (user_id) REFERENCES public.users(id) DEFERRABLE INITIALLY DEFERRED;


--
-- Name: flows_agentconfig flows_agentconfig_organization_id_9a4becbd_fk_organizations_id; Type: FK CONSTRAINT; Schema: public; Owner: -
--

ALTER TABLE ONLY public.flows_agentconfig
    ADD CONSTRAINT flows_agentconfig_organization_id_9a4becbd_fk_organizations_id FOREIGN KEY (organization_id) REFERENCES public.organizations(id) DEFERRABLE INITIALLY DEFERRED;


--
-- Name: flows_agentconfig_playbooks flows_agentconfig_pl_agentconfig_id_287066eb_fk_flows_age; Type: FK CONSTRAINT; Schema: public; Owner: -
--

ALTER TABLE ONLY public.flows_agentconfig_playbooks
    ADD CONSTRAINT flows_agentconfig_pl_agentconfig_id_287066eb_fk_flows_age FOREIGN KEY (agentconfig_id) REFERENCES public.flows_agentconfig(id) DEFERRABLE INITIALLY DEFERRED;


--
-- Name: flows_agentconfig_playbooks flows_agentconfig_pl_playbook_id_d4509b4e_fk_hotel_inf; Type: FK CONSTRAINT; Schema: public; Owner: -
--

ALTER TABLE ONLY public.flows_agentconfig_playbooks
    ADD CONSTRAINT flows_agentconfig_pl_playbook_id_d4509b4e_fk_hotel_inf FOREIGN KEY (playbook_id) REFERENCES public.hotel_info_playbook(id) DEFERRABLE INITIALLY DEFERRED;


--
-- Name: flows_aiflowmode flows_aiflowmode_organization_id_6525324a_fk_organizations_id; Type: FK CONSTRAINT; Schema: public; Owner: -
--

ALTER TABLE ONLY public.flows_aiflowmode
    ADD CONSTRAINT flows_aiflowmode_organization_id_6525324a_fk_organizations_id FOREIGN KEY (organization_id) REFERENCES public.organizations(id) DEFERRABLE INITIALLY DEFERRED;


--
-- Name: flows_aimodelconfig flows_aimodelconfig_organization_id_27083bd2_fk_organizat; Type: FK CONSTRAINT; Schema: public; Owner: -
--

ALTER TABLE ONLY public.flows_aimodelconfig
    ADD CONSTRAINT flows_aimodelconfig_organization_id_27083bd2_fk_organizat FOREIGN KEY (organization_id) REFERENCES public.organizations(id) DEFERRABLE INITIALLY DEFERRED;


--
-- Name: flows_aitool flows_aitool_organization_id_b996959b_fk_organizations_id; Type: FK CONSTRAINT; Schema: public; Owner: -
--

ALTER TABLE ONLY public.flows_aitool
    ADD CONSTRAINT flows_aitool_organization_id_b996959b_fk_organizations_id FOREIGN KEY (organization_id) REFERENCES public.organizations(id) DEFERRABLE INITIALLY DEFERRED;


--
-- Name: flows_conversationflow flows_conversationfl_organization_id_57432f27_fk_organizat; Type: FK CONSTRAINT; Schema: public; Owner: -
--

ALTER TABLE ONLY public.flows_conversationflow
    ADD CONSTRAINT flows_conversationfl_organization_id_57432f27_fk_organizat FOREIGN KEY (organization_id) REFERENCES public.organizations(id) DEFERRABLE INITIALLY DEFERRED;


--
-- Name: flows_flowcard flows_flowcard_flow_id_439128a8_fk_flows_conversationflow_id; Type: FK CONSTRAINT; Schema: public; Owner: -
--

ALTER TABLE ONLY public.flows_flowcard
    ADD CONSTRAINT flows_flowcard_flow_id_439128a8_fk_flows_conversationflow_id FOREIGN KEY (flow_id) REFERENCES public.flows_conversationflow(id) DEFERRABLE INITIALLY DEFERRED;


--
-- Name: flows_flowcard_playbooks flows_flowcard_playb_flowcard_id_41034f98_fk_flows_flo; Type: FK CONSTRAINT; Schema: public; Owner: -
--

ALTER TABLE ONLY public.flows_flowcard_playbooks
    ADD CONSTRAINT flows_flowcard_playb_flowcard_id_41034f98_fk_flows_flo FOREIGN KEY (flowcard_id) REFERENCES public.flows_flowcard(id) DEFERRABLE INITIALLY DEFERRED;


--
-- Name: flows_flowcard_playbooks flows_flowcard_playb_playbook_id_52b2fb98_fk_hotel_inf; Type: FK CONSTRAINT; Schema: public; Owner: -
--

ALTER TABLE ONLY public.flows_flowcard_playbooks
    ADD CONSTRAINT flows_flowcard_playb_playbook_id_52b2fb98_fk_hotel_inf FOREIGN KEY (playbook_id) REFERENCES public.hotel_info_playbook(id) DEFERRABLE INITIALLY DEFERRED;


--
-- Name: flows_flowconnection flows_flowconnection_flow_id_ecce6d9c_fk_flows_con; Type: FK CONSTRAINT; Schema: public; Owner: -
--

ALTER TABLE ONLY public.flows_flowconnection
    ADD CONSTRAINT flows_flowconnection_flow_id_ecce6d9c_fk_flows_con FOREIGN KEY (flow_id) REFERENCES public.flows_conversationflow(id) DEFERRABLE INITIALLY DEFERRED;


--
-- Name: flows_flowconnection flows_flowconnection_source_card_id_eb2ead3e_fk_flows_flo; Type: FK CONSTRAINT; Schema: public; Owner: -
--

ALTER TABLE ONLY public.flows_flowconnection
    ADD CONSTRAINT flows_flowconnection_source_card_id_eb2ead3e_fk_flows_flo FOREIGN KEY (source_card_id) REFERENCES public.flows_flowcard(id) DEFERRABLE INITIALLY DEFERRED;


--
-- Name: flows_flowconnection flows_flowconnection_target_card_id_17f83fbc_fk_flows_flo; Type: FK CONSTRAINT; Schema: public; Owner: -
--

ALTER TABLE ONLY public.flows_flowconnection
    ADD CONSTRAINT flows_flowconnection_target_card_id_17f83fbc_fk_flows_flo FOREIGN KEY (target_card_id) REFERENCES public.flows_flowcard(id) DEFERRABLE INITIALLY DEFERRED;


--
-- Name: flows_leadflowstate flows_leadflowstate_current_card_id_1c64c069_fk_flows_flo; Type: FK CONSTRAINT; Schema: public; Owner: -
--

ALTER TABLE ONLY public.flows_leadflowstate
    ADD CONSTRAINT flows_leadflowstate_current_card_id_1c64c069_fk_flows_flo FOREIGN KEY (current_card_id) REFERENCES public.flows_flowcard(id) DEFERRABLE INITIALLY DEFERRED;


--
-- Name: flows_leadflowstate flows_leadflowstate_flow_id_31fa08ee_fk_flows_con; Type: FK CONSTRAINT; Schema: public; Owner: -
--

ALTER TABLE ONLY public.flows_leadflowstate
    ADD CONSTRAINT flows_leadflowstate_flow_id_31fa08ee_fk_flows_con FOREIGN KEY (flow_id) REFERENCES public.flows_conversationflow(id) DEFERRABLE INITIALLY DEFERRED;


--
-- Name: flows_leadflowstate flows_leadflowstate_lead_id_f6b8dfa0_fk_leads_lead_id; Type: FK CONSTRAINT; Schema: public; Owner: -
--

ALTER TABLE ONLY public.flows_leadflowstate
    ADD CONSTRAINT flows_leadflowstate_lead_id_f6b8dfa0_fk_leads_lead_id FOREIGN KEY (lead_id) REFERENCES public.leads_lead(id) DEFERRABLE INITIALLY DEFERRED;


--
-- Name: flows_managertransferconfig flows_managertransfe_organization_id_5340596d_fk_organizat; Type: FK CONSTRAINT; Schema: public; Owner: -
--

ALTER TABLE ONLY public.flows_managertransferconfig
    ADD CONSTRAINT flows_managertransfe_organization_id_5340596d_fk_organizat FOREIGN KEY (organization_id) REFERENCES public.organizations(id) DEFERRABLE INITIALLY DEFERRED;


--
-- Name: hotel_info_handovercontact hotel_info_handoverc_organization_id_7c977564_fk_organizat; Type: FK CONSTRAINT; Schema: public; Owner: -
--

ALTER TABLE ONLY public.hotel_info_handovercontact
    ADD CONSTRAINT hotel_info_handoverc_organization_id_7c977564_fk_organizat FOREIGN KEY (organization_id) REFERENCES public.organizations(id) DEFERRABLE INITIALLY DEFERRED;


--
-- Name: hotel_info_hotelfaq hotel_info_hotelfaq_organization_id_4f5456f8_fk_organizat; Type: FK CONSTRAINT; Schema: public; Owner: -
--

ALTER TABLE ONLY public.hotel_info_hotelfaq
    ADD CONSTRAINT hotel_info_hotelfaq_organization_id_4f5456f8_fk_organizat FOREIGN KEY (organization_id) REFERENCES public.organizations(id) DEFERRABLE INITIALLY DEFERRED;


--
-- Name: hotel_info_hotelpolicy hotel_info_hotelpoli_organization_id_10a30694_fk_organizat; Type: FK CONSTRAINT; Schema: public; Owner: -
--

ALTER TABLE ONLY public.hotel_info_hotelpolicy
    ADD CONSTRAINT hotel_info_hotelpoli_organization_id_10a30694_fk_organizat FOREIGN KEY (organization_id) REFERENCES public.organizations(id) DEFERRABLE INITIALLY DEFERRED;


--
-- Name: hotel_info_hotelprofile hotel_info_hotelprof_organization_id_47c21c5b_fk_organizat; Type: FK CONSTRAINT; Schema: public; Owner: -
--

ALTER TABLE ONLY public.hotel_info_hotelprofile
    ADD CONSTRAINT hotel_info_hotelprof_organization_id_47c21c5b_fk_organizat FOREIGN KEY (organization_id) REFERENCES public.organizations(id) DEFERRABLE INITIALLY DEFERRED;


--
-- Name: hotel_info_hotelprofilelink hotel_info_hotelprof_profile_id_cd2c8e67_fk_hotel_inf; Type: FK CONSTRAINT; Schema: public; Owner: -
--

ALTER TABLE ONLY public.hotel_info_hotelprofilelink
    ADD CONSTRAINT hotel_info_hotelprof_profile_id_cd2c8e67_fk_hotel_inf FOREIGN KEY (profile_id) REFERENCES public.hotel_info_hotelprofile(id) DEFERRABLE INITIALLY DEFERRED;


--
-- Name: hotel_info_playbook hotel_info_playbook_organization_id_5c47582c_fk_organizat; Type: FK CONSTRAINT; Schema: public; Owner: -
--

ALTER TABLE ONLY public.hotel_info_playbook
    ADD CONSTRAINT hotel_info_playbook_organization_id_5c47582c_fk_organizat FOREIGN KEY (organization_id) REFERENCES public.organizations(id) DEFERRABLE INITIALLY DEFERRED;


--
-- Name: hotel_info_roompricing hotel_info_roomprici_organization_id_3f43bbce_fk_organizat; Type: FK CONSTRAINT; Schema: public; Owner: -
--

ALTER TABLE ONLY public.hotel_info_roompricing
    ADD CONSTRAINT hotel_info_roomprici_organization_id_3f43bbce_fk_organizat FOREIGN KEY (organization_id) REFERENCES public.organizations(id) DEFERRABLE INITIALLY DEFERRED;


--
-- Name: hotel_media_hotelmediaphoto hotel_media_hotelmed_item_id_db843a93_fk_hotel_med; Type: FK CONSTRAINT; Schema: public; Owner: -
--

ALTER TABLE ONLY public.hotel_media_hotelmediaphoto
    ADD CONSTRAINT hotel_media_hotelmed_item_id_db843a93_fk_hotel_med FOREIGN KEY (item_id) REFERENCES public.hotel_media_hotelmediaitem(id) DEFERRABLE INITIALLY DEFERRED;


--
-- Name: hotel_media_hotelmediaitem hotel_media_hotelmed_organization_id_c63085c5_fk_organizat; Type: FK CONSTRAINT; Schema: public; Owner: -
--

ALTER TABLE ONLY public.hotel_media_hotelmediaitem
    ADD CONSTRAINT hotel_media_hotelmed_organization_id_c63085c5_fk_organizat FOREIGN KEY (organization_id) REFERENCES public.organizations(id) DEFERRABLE INITIALLY DEFERRED;


--
-- Name: leads_aiconfig leads_aiconfig_organization_id_9e4a3430_fk_organizations_id; Type: FK CONSTRAINT; Schema: public; Owner: -
--

ALTER TABLE ONLY public.leads_aiconfig
    ADD CONSTRAINT leads_aiconfig_organization_id_9e4a3430_fk_organizations_id FOREIGN KEY (organization_id) REFERENCES public.organizations(id) DEFERRABLE INITIALLY DEFERRED;


--
-- Name: leads_customer leads_customer_lead_id_3b14dd59_fk_leads_lead_id; Type: FK CONSTRAINT; Schema: public; Owner: -
--

ALTER TABLE ONLY public.leads_customer
    ADD CONSTRAINT leads_customer_lead_id_3b14dd59_fk_leads_lead_id FOREIGN KEY (lead_id) REFERENCES public.leads_lead(id) DEFERRABLE INITIALLY DEFERRED;


--
-- Name: leads_customer leads_customer_organization_id_b569dbce_fk_organizations_id; Type: FK CONSTRAINT; Schema: public; Owner: -
--

ALTER TABLE ONLY public.leads_customer
    ADD CONSTRAINT leads_customer_organization_id_b569dbce_fk_organizations_id FOREIGN KEY (organization_id) REFERENCES public.organizations(id) DEFERRABLE INITIALLY DEFERRED;


--
-- Name: leads_instagramappconfig leads_instagramappco_organization_id_a543c5ea_fk_organizat; Type: FK CONSTRAINT; Schema: public; Owner: -
--

ALTER TABLE ONLY public.leads_instagramappconfig
    ADD CONSTRAINT leads_instagramappco_organization_id_a543c5ea_fk_organizat FOREIGN KEY (organization_id) REFERENCES public.organizations(id) DEFERRABLE INITIALLY DEFERRED;


--
-- Name: leads_instagramconnection leads_instagramconne_organization_id_4e695835_fk_organizat; Type: FK CONSTRAINT; Schema: public; Owner: -
--

ALTER TABLE ONLY public.leads_instagramconnection
    ADD CONSTRAINT leads_instagramconne_organization_id_4e695835_fk_organizat FOREIGN KEY (organization_id) REFERENCES public.organizations(id) DEFERRABLE INITIALLY DEFERRED;


--
-- Name: leads_lead leads_lead_assigned_to_id_d7a91e6c_fk_users_id; Type: FK CONSTRAINT; Schema: public; Owner: -
--

ALTER TABLE ONLY public.leads_lead
    ADD CONSTRAINT leads_lead_assigned_to_id_d7a91e6c_fk_users_id FOREIGN KEY (assigned_to_id) REFERENCES public.users(id) DEFERRABLE INITIALLY DEFERRED;


--
-- Name: leads_lead leads_lead_organization_id_32e3ac83_fk_organizations_id; Type: FK CONSTRAINT; Schema: public; Owner: -
--

ALTER TABLE ONLY public.leads_lead
    ADD CONSTRAINT leads_lead_organization_id_32e3ac83_fk_organizations_id FOREIGN KEY (organization_id) REFERENCES public.organizations(id) DEFERRABLE INITIALLY DEFERRED;


--
-- Name: leads_leadactivity leads_leadactivity_lead_id_5a986da3_fk_leads_lead_id; Type: FK CONSTRAINT; Schema: public; Owner: -
--

ALTER TABLE ONLY public.leads_leadactivity
    ADD CONSTRAINT leads_leadactivity_lead_id_5a986da3_fk_leads_lead_id FOREIGN KEY (lead_id) REFERENCES public.leads_lead(id) DEFERRABLE INITIALLY DEFERRED;


--
-- Name: leads_leadactivity leads_leadactivity_organization_id_a0d1bad5_fk_organizations_id; Type: FK CONSTRAINT; Schema: public; Owner: -
--

ALTER TABLE ONLY public.leads_leadactivity
    ADD CONSTRAINT leads_leadactivity_organization_id_a0d1bad5_fk_organizations_id FOREIGN KEY (organization_id) REFERENCES public.organizations(id) DEFERRABLE INITIALLY DEFERRED;


--
-- Name: leads_leadgoal leads_leadgoal_lead_id_caaa3fc4_fk_leads_lead_id; Type: FK CONSTRAINT; Schema: public; Owner: -
--

ALTER TABLE ONLY public.leads_leadgoal
    ADD CONSTRAINT leads_leadgoal_lead_id_caaa3fc4_fk_leads_lead_id FOREIGN KEY (lead_id) REFERENCES public.leads_lead(id) DEFERRABLE INITIALLY DEFERRED;


--
-- Name: leads_leadgoal leads_leadgoal_organization_id_7eea84b8_fk_organizations_id; Type: FK CONSTRAINT; Schema: public; Owner: -
--

ALTER TABLE ONLY public.leads_leadgoal
    ADD CONSTRAINT leads_leadgoal_organization_id_7eea84b8_fk_organizations_id FOREIGN KEY (organization_id) REFERENCES public.organizations(id) DEFERRABLE INITIALLY DEFERRED;


--
-- Name: leads_leadnote leads_leadnote_lead_id_b953ea50_fk_leads_lead_id; Type: FK CONSTRAINT; Schema: public; Owner: -
--

ALTER TABLE ONLY public.leads_leadnote
    ADD CONSTRAINT leads_leadnote_lead_id_b953ea50_fk_leads_lead_id FOREIGN KEY (lead_id) REFERENCES public.leads_lead(id) DEFERRABLE INITIALLY DEFERRED;


--
-- Name: leads_pipelinestage leads_pipelinestage_organization_id_a368e25a_fk_organizat; Type: FK CONSTRAINT; Schema: public; Owner: -
--

ALTER TABLE ONLY public.leads_pipelinestage
    ADD CONSTRAINT leads_pipelinestage_organization_id_a368e25a_fk_organizat FOREIGN KEY (organization_id) REFERENCES public.organizations(id) DEFERRABLE INITIALLY DEFERRED;


--
-- Name: leads_ringcentralconfig leads_ringcentralcon_organization_id_103454f0_fk_organizat; Type: FK CONSTRAINT; Schema: public; Owner: -
--

ALTER TABLE ONLY public.leads_ringcentralconfig
    ADD CONSTRAINT leads_ringcentralcon_organization_id_103454f0_fk_organizat FOREIGN KEY (organization_id) REFERENCES public.organizations(id) DEFERRABLE INITIALLY DEFERRED;


--
-- Name: leads_segment leads_segment_organization_id_19968922_fk_organizations_id; Type: FK CONSTRAINT; Schema: public; Owner: -
--

ALTER TABLE ONLY public.leads_segment
    ADD CONSTRAINT leads_segment_organization_id_19968922_fk_organizations_id FOREIGN KEY (organization_id) REFERENCES public.organizations(id) DEFERRABLE INITIALLY DEFERRED;


--
-- Name: leads_task leads_task_lead_id_a91a909c_fk_leads_lead_id; Type: FK CONSTRAINT; Schema: public; Owner: -
--

ALTER TABLE ONLY public.leads_task
    ADD CONSTRAINT leads_task_lead_id_a91a909c_fk_leads_lead_id FOREIGN KEY (lead_id) REFERENCES public.leads_lead(id) DEFERRABLE INITIALLY DEFERRED;


--
-- Name: leads_task leads_task_organization_id_2f2e94d6_fk_organizations_id; Type: FK CONSTRAINT; Schema: public; Owner: -
--

ALTER TABLE ONLY public.leads_task
    ADD CONSTRAINT leads_task_organization_id_2f2e94d6_fk_organizations_id FOREIGN KEY (organization_id) REFERENCES public.organizations(id) DEFERRABLE INITIALLY DEFERRED;


--
-- Name: leads_telegramconfig leads_telegramconfig_organization_id_ef667dd7_fk_organizat; Type: FK CONSTRAINT; Schema: public; Owner: -
--

ALTER TABLE ONLY public.leads_telegramconfig
    ADD CONSTRAINT leads_telegramconfig_organization_id_ef667dd7_fk_organizat FOREIGN KEY (organization_id) REFERENCES public.organizations(id) DEFERRABLE INITIALLY DEFERRED;


--
-- Name: leads_whatsappappconfig leads_whatsappappcon_organization_id_e5a5ec80_fk_organizat; Type: FK CONSTRAINT; Schema: public; Owner: -
--

ALTER TABLE ONLY public.leads_whatsappappconfig
    ADD CONSTRAINT leads_whatsappappcon_organization_id_e5a5ec80_fk_organizat FOREIGN KEY (organization_id) REFERENCES public.organizations(id) DEFERRABLE INITIALLY DEFERRED;


--
-- Name: leads_whatsappconfig leads_whatsappconfig_organization_id_b646e61a_fk_organizat; Type: FK CONSTRAINT; Schema: public; Owner: -
--

ALTER TABLE ONLY public.leads_whatsappconfig
    ADD CONSTRAINT leads_whatsappconfig_organization_id_b646e61a_fk_organizat FOREIGN KEY (organization_id) REFERENCES public.organizations(id) DEFERRABLE INITIALLY DEFERRED;


--
-- Name: organization_members organization_members_organization_id_d55f4961_fk_organizat; Type: FK CONSTRAINT; Schema: public; Owner: -
--

ALTER TABLE ONLY public.organization_members
    ADD CONSTRAINT organization_members_organization_id_d55f4961_fk_organizat FOREIGN KEY (organization_id) REFERENCES public.organizations(id) DEFERRABLE INITIALLY DEFERRED;


--
-- Name: organization_members organization_members_user_id_e6013fda_fk_users_id; Type: FK CONSTRAINT; Schema: public; Owner: -
--

ALTER TABLE ONLY public.organization_members
    ADD CONSTRAINT organization_members_user_id_e6013fda_fk_users_id FOREIGN KEY (user_id) REFERENCES public.users(id) DEFERRABLE INITIALLY DEFERRED;


--
-- Name: organizations organizations_owner_id_69ddbc9d_fk_users_id; Type: FK CONSTRAINT; Schema: public; Owner: -
--

ALTER TABLE ONLY public.organizations
    ADD CONSTRAINT organizations_owner_id_69ddbc9d_fk_users_id FOREIGN KEY (owner_id) REFERENCES public.users(id) DEFERRABLE INITIALLY DEFERRED;


--
-- Name: token_blacklist_blacklistedtoken token_blacklist_blacklistedtoken_token_id_3cc7fe56_fk; Type: FK CONSTRAINT; Schema: public; Owner: -
--

ALTER TABLE ONLY public.token_blacklist_blacklistedtoken
    ADD CONSTRAINT token_blacklist_blacklistedtoken_token_id_3cc7fe56_fk FOREIGN KEY (token_id) REFERENCES public.token_blacklist_outstandingtoken(id) DEFERRABLE INITIALLY DEFERRED;


--
-- Name: token_blacklist_outstandingtoken token_blacklist_outstandingtoken_user_id_83bc629a_fk_users_id; Type: FK CONSTRAINT; Schema: public; Owner: -
--

ALTER TABLE ONLY public.token_blacklist_outstandingtoken
    ADD CONSTRAINT token_blacklist_outstandingtoken_user_id_83bc629a_fk_users_id FOREIGN KEY (user_id) REFERENCES public.users(id) DEFERRABLE INITIALLY DEFERRED;


--
-- Name: users users_current_organization_id_243544e4_fk_organizations_id; Type: FK CONSTRAINT; Schema: public; Owner: -
--

ALTER TABLE ONLY public.users
    ADD CONSTRAINT users_current_organization_id_243544e4_fk_organizations_id FOREIGN KEY (current_organization_id) REFERENCES public.organizations(id) DEFERRABLE INITIALLY DEFERRED;


--
-- Name: users_groups users_groups_group_id_2f3517aa_fk_auth_group_id; Type: FK CONSTRAINT; Schema: public; Owner: -
--

ALTER TABLE ONLY public.users_groups
    ADD CONSTRAINT users_groups_group_id_2f3517aa_fk_auth_group_id FOREIGN KEY (group_id) REFERENCES public.auth_group(id) DEFERRABLE INITIALLY DEFERRED;


--
-- Name: users_groups users_groups_user_id_f500bee5_fk_users_id; Type: FK CONSTRAINT; Schema: public; Owner: -
--

ALTER TABLE ONLY public.users_groups
    ADD CONSTRAINT users_groups_user_id_f500bee5_fk_users_id FOREIGN KEY (user_id) REFERENCES public.users(id) DEFERRABLE INITIALLY DEFERRED;


--
-- Name: users_user_permissions users_user_permissio_permission_id_6d08dcd2_fk_auth_perm; Type: FK CONSTRAINT; Schema: public; Owner: -
--

ALTER TABLE ONLY public.users_user_permissions
    ADD CONSTRAINT users_user_permissio_permission_id_6d08dcd2_fk_auth_perm FOREIGN KEY (permission_id) REFERENCES public.auth_permission(id) DEFERRABLE INITIALLY DEFERRED;


--
-- Name: users_user_permissions users_user_permissions_user_id_92473840_fk_users_id; Type: FK CONSTRAINT; Schema: public; Owner: -
--

ALTER TABLE ONLY public.users_user_permissions
    ADD CONSTRAINT users_user_permissions_user_id_92473840_fk_users_id FOREIGN KEY (user_id) REFERENCES public.users(id) DEFERRABLE INITIALLY DEFERRED;


--
-- PostgreSQL database dump complete
--

\unrestrict QUlfH3uUy2DSamzomNyuvYENwjbX8x4e4LinhI4OAn4900HAfy6bguWwocCwqnI

